Date,Session ,Observer,Source,Region name,Source type,Start Scan,End Scan,First Row Mapped,Last Row completed,Tsys,Aborted scan #,Observing notes,Special RawDir,Beam Gains,Operator,all,DR1
2015-01-14,1,Rachel,Perseus_map_NGC1333-A ,NGC1333,map,11,58,,,36 K,"123, 124, 181","vegas needed to be reset after every configuration change (i.e., after a point & focus). Sounds like this is a known problem. autopeak_Jupiter didn't work at all, will look into this. Check data - make sure vegas issues didn't impact scans. The online data filler can't keep up with the maps. ",,"0.894,0.845,0.865,0.846,0.847,0.816,0.772,0.745,0.925,0.764,0.677,0.511,0.851,0.97",David R,TRUE,TRUE
2015-01-14,1,Rachel,Standard_L1489PPC,L1489PPC,calibrator,64,64,,,36 K,,Track in centre beam,,"0.894,0.845,0.865,0.846,0.847,0.816,0.772,0.745,0.925,0.764,0.677,0.511,0.851,0.97",David R,TRUE,TRUE
2015-01-14,1,Rachel,Perseus_map_NGC1333-B,NGC1333,map,70,117,,,36 K,,,,"0.894,0.845,0.865,0.846,0.847,0.816,0.772,0.745,0.925,0.764,0.677,0.511,0.851,0.97",David R,TRUE,TRUE
2015-01-14,1,Rachel,OrionA_map_01,OrionA,map,125,172,,,36 K,,,/lustre/pipeline/scratch/GAS/rawdata/OrionA_session01/,"0.894,0.845,0.865,0.846,0.847,0.816,0.772,0.745,0.925,0.764,0.677,0.511,0.851,0.97",David R,TRUE,TRUE
2015-01-14,1,Rachel,Jupiter ,Jupiter,calibrator,173,180,,,36 K,,"Wrong vegas config; pointing failed, kept continuum settings",,"0.894,0.845,0.865,0.846,0.847,0.816,0.772,0.745,0.925,0.764,0.677,0.511,0.851,0.97",David R,TRUE,TRUE
2015-01-14,1,Rachel,Jupiter,Jupiter,calibrator,182,189,,,36 K,,Correct vegas line configuration,,"0.894,0.845,0.865,0.846,0.847,0.816,0.772,0.745,0.925,0.764,0.677,0.511,0.851,0.97",David R,TRUE,TRUE
2015-01-14,1,Rachel,OrionA_map_02,OrionA,map,195,211,,17,36 K,,aborted after map row 17,/lustre/pipeline/scratch/GAS/rawdata/OrionA_session01/,"0.894,0.845,0.865,0.846,0.847,0.816,0.772,0.745,0.925,0.764,0.677,0.511,0.851,0.97",David R,TRUE,TRUE
2015-01-20,2,Jaime,Perseus_map_NGC1333-C,NGC1333,map,8,55,,,40 K,,"Balance() failed, Pointing good... lost ~25 due to VEGAS problems",,"0.894,0.845,0.865,0.846,0.847,0.816,0.772,0.745,0.925,0.764,0.677,0.511,0.851,0.97",David R,TRUE,TRUE
2015-01-20,2,Jaime,Perseus_map_NGC1333-D,NGC1333,map,61,108,,,40 K,,"Pointing and focus are good... balance failed, but continued without aborting",,"0.894,0.845,0.865,0.846,0.847,0.816,0.772,0.745,0.925,0.764,0.677,0.511,0.851,0.97",David R,TRUE,TRUE
2015-01-20,2,Jaime,Standard_L1489PPC,L1489PPC,calibrator,114,114,,,40 K,,"Pointing and focus are good... balance failed, but continued without aborting",,"0.894,0.845,0.865,0.846,0.847,0.816,0.772,0.745,0.925,0.764,0.677,0.511,0.851,0.97",David R,TRUE,TRUE
2015-01-20,2,Jaime,OrionA_map_02,OrionA,map,115,129,17,31,40 K,130,,,"0.894,0.845,0.865,0.846,0.847,0.816,0.772,0.745,0.925,0.764,0.677,0.511,0.851,0.97",David R,TRUE,TRUE
2015-01-21,3,Rachel,Perseus_map_NGC1333-E,NGC1333,map,11,58,,,38 K,,"Partly cloudy, light wind. Balance() worked!",,"0.894,0.845,0.865,0.846,0.847,0.816,0.772,0.745,0.925,0.764,0.677,0.511,0.851,0.97",David R,TRUE,TRUE
2015-01-21,3,Rachel,Standard_L1489PPC,L1489PPC,calibrator,64,64,,,38 K,,"Balance() failed, continued without aborting",,"0.894,0.845,0.865,0.846,0.847,0.816,0.772,0.745,0.925,0.764,0.677,0.511,0.851,0.97",Greg,TRUE,TRUE
2015-01-21,3,Rachel,Perseus_map_NGC1333-F,NGC1333,map,65,94,,30,38 K,95,"Balance() failed, continued without aborting",,"0.894,0.845,0.865,0.846,0.847,0.816,0.772,0.745,0.925,0.764,0.677,0.511,0.851,0.97",Greg,TRUE,TRUE
2015-01-22,4,Youngmin,Standard_L1489PPC,L1489PPC,calibrator,6,6,, ,40 K,,Partly cloudy.,,"0.894,0.845,0.865,0.846,0.847,0.816,0.772,0.745,0.925,0.764,0.677,0.511,0.851,0.97",Dave C,TRUE,TRUE
2015-01-22,4,Youngmin,Perseus_map_NGC1333-F,NGC1333,map,7,24,31,,40 K,,"Balance() failed, continued without aborting",,"0.894,0.845,0.865,0.846,0.847,0.816,0.772,0.745,0.925,0.764,0.677,0.511,0.851,0.97",Dave C,TRUE,TRUE
2015-01-22,4,Youngmin,Perseus_map_NGC1333-G,NGC1333,map,25,72,,,40 K,,"Balance() failed, continued without aborting",,"0.894,0.845,0.865,0.846,0.847,0.816,0.772,0.745,0.925,0.764,0.677,0.511,0.851,0.97",Dave C,TRUE,TRUE
2015-01-22,4,Youngmin,Jupiter,Jupiter,calibrator,78,85,,,39 K,,"Balance() failed, continued without aborting",,"0.894,0.845,0.865,0.846,0.847,0.816,0.772,0.745,0.925,0.764,0.677,0.511,0.851,0.97",Dave C,TRUE,TRUE
2015-01-22,4,Youngmin,Perseus_map_NGC1333-H,NGC1333,map,86,121,,36,39 K ,,"Balance() failed, continued without aborting",,"0.894,0.845,0.865,0.846,0.847,0.816,0.772,0.745,0.925,0.764,0.677,0.511,0.851,0.97",Ron W,TRUE,TRUE
2015-02-03,5,Rachel,Standard_L1489PPC,L1489PPC,calibrator,6,6,,,46 K,,"Bank D off, redid after operator manually turned it on",,"0.894,0.845,0.865,0.846,0.847,0.816,0.772,0.745,0.925,0.764,0.677,0.511,0.851,0.97",Dave R,TRUE,TRUE
2015-02-03,5,Rachel,Standard_L1489PPC,L1489PPC,calibrator,7,7,,,46 K,,Bank D on,,"0.894,0.845,0.865,0.846,0.847,0.816,0.772,0.745,0.925,0.764,0.677,0.511,0.851,0.97",Dave R,TRUE,TRUE
2015-02-03,5,Rachel,Perseus_map_NGC1333H,NGC1333,map,8,19,37,,44 K,,,,"0.894,0.845,0.865,0.846,0.847,0.816,0.772,0.745,0.925,0.764,0.677,0.511,0.851,0.97",Dave R,TRUE,TRUE
2015-02-03,5,Rachel,Perseus_map_NGC1333I,NGC1333,map,20,61,,42,43 K,62,,,"0.894,0.845,0.865,0.846,0.847,0.816,0.772,0.745,0.925,0.764,0.677,0.511,0.851,0.97",Dave R,TRUE,TRUE
2015-02-05,6,Youngmin,Standard_L1489PPC,L1489PPC,calibrator,6,6,,,36 K,,maintenance got delayed and we had antenna issue at the beginning of shift ,,"0.894,0.845,0.865,0.846,0.847,0.816,0.772,0.745,0.925,0.764,0.677,0.511,0.851,0.97",Greg M,TRUE,TRUE
2015-02-05,6,Youngmin,Taurus_map_001,B18,map,7,7,,,36 K,aborted,Bank B off,,"0.894,0.845,0.865,0.846,0.847,0.816,0.772,0.745,0.925,0.764,0.677,0.511,0.851,0.97",Greg M,TRUE,TRUE
2015-02-05,6,Youngmin,Taurus_map_001,B18,map,8,8,,,36 K,aborted,Bank C off,,"0.894,0.845,0.865,0.846,0.847,0.816,0.772,0.745,0.925,0.764,0.677,0.511,0.851,0.97",Greg M,TRUE,TRUE
2015-02-05,6,Youngmin,Taurus_map_001,B18,map,9,9,,,36 K,aborted,Bank C off,,"0.894,0.845,0.865,0.846,0.847,0.816,0.772,0.745,0.925,0.764,0.677,0.511,0.851,0.97",Greg M,TRUE,TRUE
2015-02-05,6,Youngmin,Taurus_map_001,B18,map,10,10,,,36 K,aborted,Bank B off,,"0.894,0.845,0.865,0.846,0.847,0.816,0.772,0.745,0.925,0.764,0.677,0.511,0.851,0.97",Greg M,TRUE,TRUE
2015-02-05,6,Youngmin,Taurus_map_001,B18,map,11,58,,,36 K,,"All Banks were on after multiple tries of rebooting VEGAS, first 1 hour of the shift  is lost because of VEGAS and antenna issues",,"0.894,0.845,0.865,0.846,0.847,0.816,0.772,0.745,0.925,0.764,0.677,0.511,0.851,0.97",Greg M,TRUE,TRUE
2015-02-05,6,Youngmin,Jupiter,Jupiter,calibrator,64,71,,,35 K,,,,"0.894,0.845,0.865,0.846,0.847,0.816,0.772,0.745,0.925,0.764,0.677,0.511,0.851,0.97",Dave R,TRUE,TRUE
2015-02-05,6,Youngmin,Taurus_map_002,B18,map,72,106,,35,35 K,,,,"0.894,0.845,0.865,0.846,0.847,0.816,0.772,0.745,0.925,0.764,0.677,0.511,0.851,0.97",Dave R,TRUE,TRUE
2015-02-10,7,Rachel,Perseus_map_NGC1333I,NGC1333,map,6,,43,43,37 K,,"all vegas banks running, power levels look fine, balanced without failing!",,"0.894,0.845,0.865,0.846,0.847,0.816,0.772,0.745,0.925,0.764,0.677,0.511,0.851,0.97",Amber,TRUE,TRUE
2015-02-10,7,Rachel,Perseus_map_NGC1333I,NGC1333,map,9,14,43,,37 K,,"Ack, spoke too soon. Vegas failing several times. Aborted scans 7, 8",,"0.894,0.845,0.865,0.846,0.847,0.816,0.772,0.745,0.925,0.764,0.677,0.511,0.851,0.97",Amber,TRUE,TRUE
2015-02-10,7,Rachel,Standard_L1489PPC,L1489PPC,calibrator,15,15,,,38 K,,,,"0.894,0.845,0.865,0.846,0.847,0.816,0.772,0.745,0.925,0.764,0.677,0.511,0.851,0.97",Amber,TRUE,TRUE
2015-02-10,7,Rachel,Taurus_map_003,B18,map,16,63,,,38 K,,,,"0.894,0.845,0.865,0.846,0.847,0.816,0.772,0.745,0.925,0.764,0.677,0.511,0.851,0.97",Amber,TRUE,TRUE
2015-02-10,7,Rachel,Taurus_map_004,B18,map,69,94,,26,39 K,,,,"0.894,0.845,0.865,0.846,0.847,0.816,0.772,0.745,0.925,0.764,0.677,0.511,0.851,0.97",Amber,TRUE,TRUE
2015-02-16,8,Erik,Standard_L43-E,L43-E,calibrator,6,6,,,51 K,,,,"0.894,0.845,0.865,0.846,0.847,0.816,0.772,0.745,0.925,0.764,0.677,0.511,0.851,0.97",Greg,TRUE,TRUE
2015-02-16,8,Erik,Oph_L1688_01,L1688,map,8,55,,,55 K,,Bad startup; VEGAS and astrid failures and freezes.  Runing smoothing eventually ,,"0.894,0.845,0.865,0.846,0.847,0.816,0.772,0.745,0.925,0.764,0.677,0.511,0.851,0.97",Greg,TRUE,TRUE
2015-02-16,8,Erik,Oph_L1688_02,L1688,map,61,74,1,14,,aborted @ 15,The online file became corrupted at scan 37.  There seems to be a error in the metadata?  Hopefully this will be fixed in the regular fill.,,"0.894,0.845,0.865,0.846,0.847,0.816,0.772,0.745,0.925,0.764,0.677,0.511,0.851,0.97",Greg,TRUE,TRUE
2015-02-16,8,Erik,Moon ,Moon,calibrator,75,76,,,,,Restarted sdfits.  Metadata in summary are weird but the regular data look fine when plotted.,,"0.894,0.845,0.865,0.846,0.847,0.816,0.772,0.745,0.925,0.764,0.677,0.511,0.851,0.97",Greg,TRUE,TRUE
2015-02-16,8,Erik,Moon ,Moon,calibrator,77,78,,,66 K,,Offline fill data look okay.,,"0.894,0.845,0.865,0.846,0.847,0.816,0.772,0.745,0.925,0.764,0.677,0.511,0.851,0.97",Greg,TRUE,TRUE
2015-02-16,8,Erik,serpAquila_map_1,Serpens_Aquila,map,79,89,1,11,,aborted @12,Broke at row 12 for a calibrator.,,"0.894,0.845,0.865,0.846,0.847,0.816,0.772,0.745,0.925,0.764,0.677,0.511,0.851,0.97",Dave C,TRUE,TRUE
2015-02-16,8,Erik,serpAquila_map_1,Serpens_Aquila,map,95,114,12,31,,aborted @ 32,Out of time.,,"0.894,0.845,0.865,0.846,0.847,0.816,0.772,0.745,0.925,0.764,0.677,0.511,0.851,0.97",Dave C,TRUE,TRUE
2015-03-02,9,Youngmin,Standard_L1489PPC,L1489PPC,calibrator,7,7,,,43K,aborted 5 &6,"VEGAS failed for scans 5 & 6, and worked fine after scan 7.",,"0.894,0.845,0.865,0.846,0.847,0.816,0.772,0.745,0.925,0.764,0.677,0.511,0.851,0.97",Amber,TRUE,TRUE
2015-03-02,9,Youngmin,Taurus_map_004,B18,map,8,29,27,,,,,/lustre/pipeline/scratch/GAS/rawdata/B18_session09/,"0.894,0.845,0.865,0.846,0.847,0.816,0.772,0.745,0.925,0.764,0.677,0.511,0.851,0.97",Amber,TRUE,TRUE
2015-03-02,9,Youngmin,Taurus_map_005,B18,map,35,82,,,42K,,,/lustre/pipeline/scratch/GAS/rawdata/B18_session09/,"0.894,0.845,0.865,0.846,0.847,0.816,0.772,0.745,0.925,0.764,0.677,0.511,0.851,0.97",Amber,TRUE,TRUE
2015-03-02,9,Youngmin,Taurus_map_006,B18,map,83,130,,,,,,/lustre/pipeline/scratch/GAS/rawdata/B18_session09/,"0.894,0.845,0.865,0.846,0.847,0.816,0.772,0.745,0.925,0.764,0.677,0.511,0.851,0.97",Amber,TRUE,TRUE
2015-03-02,9,Youngmin,Jupiter,Jupiter,calibrator,136,143,,,40K,,,,"0.894,0.845,0.865,0.846,0.847,0.816,0.772,0.745,0.925,0.764,0.677,0.511,0.851,0.97",Amber,TRUE,TRUE
2015-03-02,9,Youngmin,Taurus_map_007,B18,map,144,191,,,,,,/lustre/pipeline/scratch/GAS/rawdata/B18_session09/,"0.894,0.845,0.865,0.846,0.847,0.816,0.772,0.745,0.925,0.764,0.677,0.511,0.851,0.97",Amber,TRUE,TRUE
2015-03-02,9,Youngmin,Taurus_map_008,B18,map,192,215,,24,,aborted @ 24,moving to Orion A,/lustre/pipeline/scratch/GAS/rawdata/B18_session09/,"0.894,0.845,0.865,0.846,0.847,0.816,0.772,0.745,0.925,0.764,0.677,0.511,0.851,0.97",Amber,TRUE,TRUE
2015-03-02,9,Youngmin,OrionA_map_02,OrionA,map,221,251,18,,45K,,Oops. row 18-31 is overlapped with previous observation. Better rms for OrionA_map_02,/lustre/pipeline/scratch/GAS/rawdata/OrionA_session09/,"0.894,0.845,0.865,0.846,0.847,0.816,0.772,0.745,0.925,0.764,0.677,0.511,0.851,0.97",Amber,TRUE,TRUE
2015-03-02,9,Youngmin,Moon ,Moon,calibrator,252,259,,,,,,,"0.894,0.845,0.865,0.846,0.847,0.816,0.772,0.745,0.925,0.764,0.677,0.511,0.851,0.97",Amber,TRUE,TRUE
2015-03-02,9,Youngmin,Standard_L1489PPC,L1489PPC,calibrator,260,260,,,,,,,"0.894,0.845,0.865,0.846,0.847,0.816,0.772,0.745,0.925,0.764,0.677,0.511,0.851,0.97",Amber,TRUE,TRUE
2015-06-03,10,Jaime,Standard_L1489PPC,L1489PPC,calibrator,6,6,,,38K,,started about 30min earlier! great!,,"0.894,0.845,0.865,0.846,0.847,0.816,0.772,0.745,0.925,0.764,0.677,0.511,0.851,0.97",Rob Whalen,TRUE,TRUE
2015-06-03,10,Jaime,OrionA_map_03,OrionA,map,12,59,,,40K,,observations at elevation ~45deg. Online filler became corrupted at scan 41.,/lustre/pipeline/scratch/GAS/rawdata/OrionA_session10/,"0.894,0.845,0.865,0.846,0.847,0.816,0.772,0.745,0.925,0.764,0.677,0.511,0.851,0.97",Rob Whalen,TRUE,TRUE
2015-06-03,10,Jaime,OrionA_map_04,OrionA,map,65,112,,,,,,/lustre/pipeline/scratch/GAS/rawdata/OrionA_session10/,"0.894,0.845,0.865,0.846,0.847,0.816,0.772,0.745,0.925,0.764,0.677,0.511,0.851,0.97",Rob Whalen,TRUE,TRUE
2015-06-03,10,Jaime,OrionA_map_05,OrionA,map,118,148,,30,,31,aborted when elevation <30deg. row 31 not finished,/lustre/pipeline/scratch/GAS/rawdata/OrionA_session10/,"0.894,0.845,0.865,0.846,0.847,0.816,0.772,0.745,0.925,0.764,0.677,0.511,0.851,0.97",Rob Whalen,TRUE,TRUE
2015-06-03,10,Jaime,Moon ,Moon,calibrator,149,150,,,,,,,"0.894,0.845,0.865,0.846,0.847,0.816,0.772,0.745,0.925,0.764,0.677,0.511,0.851,0.97",Rob Whalen,TRUE,TRUE
2015-06-03,10,Jaime,Taurus_map_008,B18,map,156,160,24,27,45K,28,,,"0.894,0.845,0.865,0.846,0.847,0.816,0.772,0.745,0.925,0.764,0.677,0.511,0.851,0.97",,TRUE,TRUE
2015-03-12,11,"Di Francesco et al. 
(Katherine Lee was operating)",Standard_L43-E,L43-E,calibrator,6,6,"
",,48.4 K,,,,"0.894,0.845,0.865,0.846,0.847,0.816,0.772,0.745,0.925,0.764,0.677,0.511,0.851,0.97",Amber,TRUE,TRUE
2015-03-12,11,"Di Francesco et al. 
(Katherine Lee was operating)",Oph_L1688_02,L1688,map,12,45,15,,47 K,,data looks noiser around 23.685 GHz,,"0.894,0.845,0.865,0.846,0.847,0.816,0.772,0.745,0.925,0.764,0.677,0.511,0.851,0.97",Amber,TRUE,TRUE
2015-03-12,11,"Di Francesco et al. 
(Helen Kirk was operating)",Oph_L1688_04,L1688,map,51,98,,,46.4,,"scan was aborted halfway through (on row 24) & re-started again.  Not sure why.  Looks like the restart is going fine.  We re-started again at row 24, so this row may have been observed twice.  (Scan #73 and 74.)",,"0.894,0.845,0.865,0.846,0.847,0.816,0.772,0.745,0.925,0.764,0.677,0.511,0.851,0.97",Amber,TRUE,TRUE
2015-03-12,11,"Di Francesco et al. 
(Mike Chen was operating)",Moon ,Moon,calibrator,99,106,,,40.2,,,,"0.894,0.845,0.865,0.846,0.847,0.816,0.772,0.745,0.925,0.764,0.677,0.511,0.851,0.97",,TRUE,TRUE
2015-03-12,11,"Di Francesco et al. 
(Mike Chen was operating)",serpAquila_map_1 ,Serpens_Aquila,map,112,128,32,,40.2,,,,"0.894,0.845,0.865,0.846,0.847,0.816,0.772,0.745,0.925,0.764,0.677,0.511,0.851,0.97",,TRUE,TRUE
2015-03-12,12,"Di Francesco et al. 
(Jared Keown was operating)",Venus,Venus,calibrator,,,,,,,Autopeak_Venus failed with error: IOffset has no attribute 'GetHTimeSring'. Waited ~1hr until problem had been found (switch on KFPA had been turned off during maintenance).,,"0.894,0.845,0.865,0.846,0.847,0.816,0.772,0.745,0.925,0.764,0.677,0.511,0.851,0.97",Greg,TRUE,TRUE
2015-03-12,12,"Di Francesco et al. 
(Jared Keown was operating)",Standard_L1489PPC,L1489PPC,calibrator,12,12,,,199 K,,,,"0.894,0.845,0.865,0.846,0.847,0.816,0.772,0.745,0.925,0.764,0.677,0.511,0.851,0.97",Greg,TRUE,TRUE
2015-03-12,12,"Di Francesco et al. 
(Jared Keown was operating)",OrionA_map_05,OrionA,map,18,35,31,,227 K,,Tsys for the pointing does not match Tsys from GBTIDL getfs (dropped to ~50K when looking at individual scans in GBTIDL),,"0.894,0.845,0.865,0.846,0.847,0.816,0.772,0.745,0.925,0.764,0.677,0.511,0.851,0.97",Greg,TRUE,TRUE
2015-03-12,12,"Di Francesco et al. 
(Jared Keown was operating)",OrionA_map_06,OrionA,map,41,45,,4,229 K,,stopped during subscan 5. DCR was reset to see if Tsys problem could be fixed,,"0.894,0.845,0.865,0.846,0.847,0.816,0.772,0.745,0.925,0.764,0.677,0.511,0.851,0.97",Amber/Donna,TRUE,TRUE
2015-03-17,13,Youngmin Seo,OrionA_map_05,OrionA,map,14,44,18, ,63 K,,"Had an issue with antenna due to strong wind. Someone had to go to telescope and fix it. Lost 1 hours and 10 min. To avoid beam 7 for autopeak, Scal_KFPA_beams4_6 added. It does autopeak using beams 4 and 6.",,"0.894,0.845,0.865,0.846,0.847,0.816,0.772,0.745,0.925,0.764,0.677,0.511,0.851,0.97",Donna,TRUE,TRUE
2015-03-17,13,Youngmin Seo,Jupiter,Jupiter,calibrator,51,58,,,68 K,,,,"0.894,0.845,0.865,0.846,0.847,0.816,0.772,0.745,0.925,0.764,0.677,0.511,0.851,0.97",Donna,TRUE,TRUE
2015-03-17,13,Youngmin Seo,OrionA_map_06,OrionA,map,59,106,,,68 K,,,,"0.894,0.845,0.865,0.846,0.847,0.816,0.772,0.745,0.925,0.764,0.677,0.511,0.851,0.97",Donna,TRUE,TRUE
2015-03-17,13,Youngmin Seo,OrionA_map_07,OrionA,map,117,147,,32,80 K,,Pointing was bad so I did autopeak twice. I got the pointing corrected but Tsys spikes up to 80 K. Operator says weather maybe bad. Please check the data and ask Tony whether we can get back additional 1 hour if the data is unusable. This shift was not good for KFPA observation. ,,"0.894,0.845,0.865,0.846,0.847,0.816,0.772,0.745,0.925,0.764,0.677,0.511,0.851,0.97",Donna,TRUE,TRUE
2015-03-17,13,Youngmin Seo,Standard_L1489PPC,L1489PPC,calibrator,152,152,,,80K,"149,150,151",149 150 151 scans aborted due to VEGAS failure.,,"0.894,0.845,0.865,0.846,0.847,0.816,0.772,0.745,0.925,0.764,0.677,0.511,0.851,0.97",Donna,TRUE,TRUE
2015-03-17,13,Youngmin Seo,Standard_L1489PPC,L1489PPC,calibrator,153,153,,,80K,,,,"0.894,0.845,0.865,0.846,0.847,0.816,0.772,0.745,0.925,0.764,0.677,0.511,0.851,0.97",Dave R,TRUE,TRUE
2015-03-17,13,Youngmin Seo,OrionA_map_07,OrionA,map,154,170,32,,80K,,,,"0.894,0.845,0.865,0.846,0.847,0.816,0.772,0.745,0.925,0.764,0.677,0.511,0.851,0.97",Dave R,TRUE,TRUE
2015-03-17,13,Youngmin Seo,OrionA_map_08,OrionA,map,176,183,,8,78 K,,,,"0.894,0.845,0.865,0.846,0.847,0.816,0.772,0.745,0.925,0.764,0.677,0.511,0.851,0.97",Dave R,TRUE,TRUE
2015-03-28,14,Rachel,OrionA_map_10,OrionA,map,13,60,,,48 K,"11,12","vegas crashed, was fine after restart",,"0.894,0.845,0.865,0.846,0.847,0.816,0.772,0.745,0.925,0.764,0.677,0.511,0.851,0.97",Greg,TRUE,TRUE
2015-03-28,14,Rachel,OrionA_map_08,OrionA,map,69,109,8,,47 K,,,,"0.894,0.845,0.865,0.846,0.847,0.816,0.772,0.745,0.925,0.764,0.677,0.511,0.851,0.97",Greg,TRUE,TRUE
2015-03-28,14,Rachel,Moon ,Moon,calibrator,110,111,,,,,,,"0.894,0.845,0.865,0.846,0.847,0.816,0.772,0.745,0.925,0.764,0.677,0.511,0.851,0.97",Greg,TRUE,TRUE
2015-03-28,14,Rachel,Standard_L1489PPC,L1489PPC,calibrator,123,123,,,,,,,"0.894,0.845,0.865,0.846,0.847,0.816,0.772,0.745,0.925,0.764,0.677,0.511,0.851,0.97",Greg,TRUE,TRUE
2015-03-29,15,Jaime,Oph_L1688_05,L1688,map,11,17,,7,47 K,,"Low temperatures (<17F), they need to move slowly. Ringing in point and focus... checking with AoD. ~30min lost due to investigation of ringing in pointing and focus",,"0.894,0.845,0.865,0.846,0.847,0.816,0.772,0.745,0.925,0.764,0.677,0.511,0.851,0.97",Donna,TRUE,TRUE
2015-03-29,15,Jaime,Oph_L1688_05,L1688,map,19,58,9,,45 K,,"Scan 18 had Vegas crashing, did not notice in time and continued observations, result should be one missing row (#8) in the map",,"0.894,0.845,0.865,0.846,0.847,0.816,0.772,0.745,0.925,0.764,0.677,0.511,0.851,0.97",Donna,TRUE,TRUE
2015-03-29,15,Jaime,Oph_L1688_08,L1688,map,64,102,,39,44 K,,VEGAS crashed,,"0.894,0.845,0.865,0.846,0.847,0.816,0.772,0.745,0.925,0.764,0.677,0.511,0.851,0.97",Donna,TRUE,TRUE
2015-03-29,15,Jaime,Oph_L1688_08,L1688,map,103,111,40,,43 K,,,,"0.894,0.845,0.865,0.846,0.847,0.816,0.772,0.745,0.925,0.764,0.677,0.511,0.851,0.97",Donna,TRUE,TRUE
2015-03-29,15,Jaime,Oph_L1688_05,L1688,map,112,112,8,8,41 K,,Fixed previous mistake,,"0.894,0.845,0.865,0.846,0.847,0.816,0.772,0.745,0.925,0.764,0.677,0.511,0.851,0.97",Donna,TRUE,TRUE
2015-03-29,16,Jaime,Oph_L1688_07,L1688,map,118,120,1,3,38 K,,New session to make sure gbtidl can handle the files,,"0.894,0.845,0.865,0.846,0.847,0.816,0.772,0.745,0.925,0.764,0.677,0.511,0.851,0.97",Donna,TRUE,TRUE
2015-03-29,17,Jaime,serpAquila_map_1,Serpens_Aquila,map,11,27,32,,35 K,,"Initial pointing and focus was run twice, because of ringing on the results",,"0.894,0.845,0.865,0.846,0.847,0.816,0.772,0.745,0.925,0.764,0.677,0.511,0.851,0.97",Rob,TRUE,TRUE
2015-03-29,17,Jaime,serpAquila_map_2,Serpens_Aquila,map,33,59,,26,35 K,,,,"0.894,0.845,0.865,0.846,0.847,0.816,0.772,0.745,0.925,0.764,0.677,0.511,0.851,0.97",Rob,TRUE,TRUE
2015-03-29,18,Youngmin Seo,serpAquila_map_2,Serpens_Aquila,map,6,27,27, ,40 K,,,,"0.894,0.845,0.865,0.846,0.847,0.816,0.772,0.745,0.925,0.764,0.677,0.511,0.851,0.97",Rob,TRUE,TRUE
2015-03-29,19,Youngmin Seo,Perseus_map_L1455-E,L1455,map,33,80,,,43 K,,,,"0.894,0.845,0.865,0.846,0.847,0.816,0.772,0.745,0.925,0.764,0.677,0.511,0.851,0.97",Rob,TRUE,TRUE
2015-03-29,19,Youngmin Seo,Perseus_map_L1455-N,L1455,map,81,128,,,43 K,,,,"0.894,0.845,0.865,0.846,0.847,0.816,0.772,0.745,0.925,0.764,0.677,0.511,0.851,0.97",Rob,TRUE,TRUE
2015-03-29,20,Youngmin Seo,Perseus_map_L1455-S,L1455,map,134,148,,15,37 K,,Updated initial scan number 134 instead of 133,,"0.894,0.845,0.865,0.846,0.847,0.816,0.772,0.745,0.925,0.764,0.677,0.511,0.851,0.97",Rob,TRUE,TRUE
2015-03-29,21,Rachel,OrionA_map_09,OrionA,map,6,53,,,40 K,,,,"0.894,0.845,0.865,0.846,0.847,0.816,0.772,0.745,0.925,0.764,0.677,0.511,0.851,0.97",Rob,TRUE,TRUE
2015-03-29,21,Rachel,OrionA_map_11,OrionA,map,54,57,,4,40 K,58,Aborted map to get a cal on Jupiter,,"0.894,0.845,0.865,0.846,0.847,0.816,0.772,0.745,0.925,0.764,0.677,0.511,0.851,0.97",Rob,TRUE,TRUE
2015-03-29,21,Rachel,Jupiter,Jupiter,calibrator,64,67,,,45 K,,Only got first two nods in before shift was up,,"0.894,0.845,0.865,0.846,0.847,0.816,0.772,0.745,0.925,0.764,0.677,0.511,0.851,0.97",Greg,TRUE,TRUE
2015-03-30,22,Rachel,Taurus_map_008,B18,map,33,45,28,40,38 K,,"High winds, will point more frequently tonight. First pointing scans looked terrible. Lost some time due to gusts and no good pointing solutions. Winds dropped somewhat after ~ 45 min. Check data carefully. ",,"0.894,0.845,0.865,0.846,0.847,0.816,0.772,0.745,0.925,0.764,0.677,0.511,0.851,0.97",Rob,TRUE,TRUE
2015-03-30,22,Rachel,Taurus_map_008,B18,map,56,63,41,,40 K,,"Pointing solution looked fine after 20 min, although first time the Az heuristics failed. 6-7"" update, winds are still high",,"0.894,0.845,0.865,0.846,0.847,0.816,0.772,0.745,0.925,0.764,0.677,0.511,0.851,0.97",Greg,TRUE,TRUE
2015-03-30,22,Rachel,Taurus_map_009,B18,map,64,73,,10,40 K,,"Pointing solution after 25 min had 6""/1"" update in Az/El. Winds dropping but still high.",,"0.894,0.845,0.865,0.846,0.847,0.816,0.772,0.745,0.925,0.764,0.677,0.511,0.851,0.97",Greg,TRUE,TRUE
2015-03-30,22,Rachel,Standard_L1489PPC,L1489PPC,calibrator,79,79,,,44 K,,"Standard looks good, should have checked it earlier. ",,"0.894,0.845,0.865,0.846,0.847,0.816,0.772,0.745,0.925,0.764,0.677,0.511,0.851,0.97",Greg,TRUE,TRUE
2015-03-30,22,Rachel,Taurus_map_009,B18,map,80,103,11,34,43 K,,"Pointing solution had 4""/1"" update in Az/El. Winds now reasonable(ish) with a few gusts.",,"0.894,0.845,0.865,0.846,0.847,0.816,0.772,0.745,0.925,0.764,0.677,0.511,0.851,0.97",Greg,TRUE,TRUE
2015-03-30,22,Rachel,Taurus_map_009,B18,map,109,122,35,,46 K,,,,"0.894,0.845,0.865,0.846,0.847,0.816,0.772,0.745,0.925,0.764,0.677,0.511,0.851,0.97",Greg,TRUE,TRUE
2015-03-30,22,Rachel,Jupiter,Jupiter,calibrator,128,135,,,,,"Pointing solution had 4""/7"" update in Az/El. (Long slew)",,"0.894,0.845,0.865,0.846,0.847,0.816,0.772,0.745,0.925,0.764,0.677,0.511,0.851,0.97",Greg,TRUE,TRUE
2015-04-01,23,Jaime,Oph_L1688_07,L1688,map,14,28,4,17,50 K,,Strong ringing on Pointing and Focus... repeated. Could not do L43-E. Wind might be a bit high. Lost ~10min,,"0.894,0.845,0.865,0.846,0.847,0.816,0.772,0.745,0.925,0.764,0.677,0.511,0.851,0.97",Rob,TRUE,TRUE
2015-04-01,23,Jaime,Standard_L43-E,L43-E,calibrator,29,29,,,50 K,,,,"0.894,0.845,0.865,0.846,0.847,0.816,0.772,0.745,0.925,0.764,0.677,0.511,0.851,0.97",Rob,TRUE,TRUE
2015-04-01,23,Jaime,Oph_L1688_07,L1688,map,30,32,18,20,50 K,,,,"0.894,0.845,0.865,0.846,0.847,0.816,0.772,0.745,0.925,0.764,0.677,0.511,0.851,0.97",Rob,TRUE,TRUE
2015-04-02,24,Jaime,Moon ,Moon,calibrator,6,7,,,45 K,,"Bug disscovered in Astrid: AutoPeakFocus(source='Moon') fails, message is 'IOffset instance has no attribute ""GetHTimeString""'",,"0.894,0.845,0.865,0.846,0.847,0.816,0.772,0.745,0.925,0.764,0.677,0.511,0.851,0.97",Rob,TRUE,TRUE
2015-04-02,24,Jaime,Oph_L1688_07,L1688,map,13,40,21,,56 K,,,,"0.894,0.845,0.865,0.846,0.847,0.816,0.772,0.745,0.925,0.764,0.677,0.511,0.851,0.97",Rob,TRUE,TRUE
2015-04-02,24,Jaime,Oph_L1688_06,L1688,map,41,70,,30,55 K,,,,"0.894,0.845,0.865,0.846,0.847,0.816,0.772,0.745,0.925,0.764,0.677,0.511,0.851,0.97",Rob,TRUE,TRUE
2015-04-04,25,Youngmin Seo,OrionA_map_11,OrionA,map,16,35,5,24,79 K,,High winds. Redone pointing after scan #35. Using beam 4 and 6 for pointing.  ,,"0.894,0.845,0.865,0.846,0.847,0.816,0.772,0.745,0.925,0.764,0.677,0.511,0.851,0.97",Greg,TRUE,TRUE
2015-04-04,25,Youngmin Seo,OrionA_map_11,OrionA,map,41,64,25,,79 K,,winds got low,,"0.894,0.845,0.865,0.846,0.847,0.816,0.772,0.745,0.925,0.764,0.677,0.511,0.851,0.97",Greg,TRUE,TRUE
2015-04-04,25,Youngmin Seo,OrionB_map_01,OrionB_NGC2023-2024,map ,70,117,,,79 K,,Strong winds after scan #101. Please check the data carefully ,,"0.894,0.845,0.865,0.846,0.847,0.816,0.772,0.745,0.925,0.764,0.677,0.511,0.851,0.97",Greg,TRUE,TRUE
2015-04-04,26,Youngmin Seo,Jupiter,Jupiter,calibrator,133,140,,,83 K,,Had to do poiting 3 times due to high winds.,,"0.894,0.845,0.865,0.846,0.847,0.816,0.772,0.745,0.925,0.764,0.677,0.511,0.851,0.97",Greg,TRUE,TRUE
2015-04-04,26,Youngmin Seo,L1489PPC,L1489PPC,calibrator,141,,,,83 K,,,,"0.894,0.845,0.865,0.846,0.847,0.816,0.772,0.745,0.925,0.764,0.677,0.511,0.851,0.97",Greg,TRUE,TRUE
2015-04-04,26,Youngmin Seo,OrionB_map_02,OrionB_NGC2023-2024,map,142,144,,3,83 K,,Please check data carefully. Had high winds. Pointing might have been bad.,,"0.894,0.845,0.865,0.846,0.847,0.816,0.772,0.745,0.925,0.764,0.677,0.511,0.851,0.97",Greg,TRUE,TRUE
2015-10-16,27,Jaime Pineda,L1489PPC,L1489PPC,calibrator,6,6,,,44 K,,"Low winds (~0.2 m/s). Cannot configure VEGAS for ~1.5hrs, not sure why the VEGAS configuration file is not working. .The solution was an extra pair of brackets",,"0.883,0.858,0.885,0.847,0.847,0.855,0.746,0.731,0.986,0.768,0.647,0.522,0.894,1.103",Dave R.,TRUE,FALSE
2015-10-16,27,Jaime Pineda,Perseus_map_L1455-S,L1455,map,12,45,15,,49 K,,,,"0.883,0.858,0.885,0.847,0.847,0.855,0.746,0.731,0.986,0.768,0.647,0.522,0.894,1.103",Dave R.,TRUE,FALSE
2015-10-16,27,Jaime Pineda,3C48,3C48,calibrator,46,53,,,49 K,,,,"0.883,0.858,0.885,0.847,0.847,0.855,0.746,0.731,0.986,0.768,0.647,0.522,0.894,1.103",Dave R.,TRUE,FALSE
2015-10-16,27,Jaime Pineda,Perseus_map_B1-A,B1,map,59,81,,23,,81,"Very good conditions, aborted at scan #81",,"0.883,0.858,0.885,0.847,0.847,0.855,0.746,0.731,0.986,0.768,0.647,0.522,0.894,1.103",Dave R.,TRUE,FALSE
2015-10-17,28,Rachel,Cepheus_L1251_map_1,Cepheus,map,12,59,,,40 K,,"Weather is great, some odd happenings (unnecessary weather alarms, astrid freezing but observations continuing, etc.) First map aborted, bank D wasn't connected, had to cycle vegas.",,"0.883,0.858,0.885,0.847,0.847,0.855,0.746,0.731,0.986,0.768,0.647,0.522,0.894,1.103",,TRUE,FALSE
2015-10-17,28,Rachel,Cepheus_L1251_map_2,Cepheus,map,65,113,,,42 K,,,,"0.883,0.858,0.885,0.847,0.847,0.855,0.746,0.731,0.986,0.768,0.647,0.522,0.894,1.103",,TRUE,FALSE
2015-10-17,29,Rachel,OrionA_map_14,OrionA,map,119,166,,,52 K,,Started at low el. (27 degrees) but Tsys still good,,"0.883,0.858,0.885,0.847,0.847,0.855,0.746,0.731,0.986,0.768,0.647,0.522,0.894,1.103",,TRUE,FALSE
2015-10-18,29,Jaime,Perseus_map_B1-A,B1,map,173,198,23,,42 K,,Balance on autopeak observation failed,,"0.883,0.858,0.885,0.847,0.847,0.855,0.746,0.731,0.986,0.768,0.647,0.522,0.894,1.103",Amber,TRUE,FALSE
2015-10-18,29,Jaime,Perseus_map_B1-B,B1,map,199,223,,25,42 K,,,,"0.883,0.858,0.885,0.847,0.847,0.855,0.746,0.731,0.986,0.768,0.647,0.522,0.894,1.103",Amber,TRUE,FALSE
2015-10-18,30,Jaime,L1489PPC,L1489PPC,calibrator,230,,,,43 K,,Balance of autopeak failed twice. Created autopeak_L1448PPC_noslew to avoid slewing to source and then back into poiting calibrator,,"0.883,0.858,0.885,0.847,0.847,0.855,0.746,0.731,0.986,0.768,0.647,0.522,0.894,1.103",Amber,TRUE,FALSE
2015-10-18,30,Jaime,Perseus_map_B1-B,B1,map,235,258,25,,44 K,,Balance of autopeak failed twice. Created autopeak_perseus_noslew to avoid slewing to source and then back into poiting calibrator,,"0.883,0.858,0.885,0.847,0.847,0.855,0.746,0.731,0.986,0.768,0.647,0.522,0.894,1.103",Amber,TRUE,FALSE
2015-10-18,30,Jaime,3C48,3C48,calibrator,259,266,,,45 K,,,,"0.883,0.858,0.885,0.847,0.847,0.855,0.746,0.731,0.986,0.768,0.647,0.522,0.894,1.103",Amber,TRUE,FALSE
2015-10-18,30,Jaime,Venus,Venus,calibrator,267,274,,,51 K,,"the autopeak just before Venus obs failed balacing, and it just went ahead to observe Venus without pointing :S... error message is ""IOffset instance has no attribute 'GetHTimeString' """,,"0.883,0.858,0.885,0.847,0.847,0.855,0.746,0.731,0.986,0.768,0.647,0.522,0.894,1.103",Amber,TRUE,FALSE
2015-10-18,30,Jaime,OrionA_map_15,OrionA,map,280,320,,41,48 K,320,"Wind slightly higger, ~2m/s, but still OK for sunrise... rising to 4m/s",,"0.883,0.858,0.885,0.847,0.847,0.855,0.746,0.731,0.986,0.768,0.647,0.522,0.894,1.103",Amber,TRUE,FALSE
2015-10-18,31,Brian E Svoboda,serpAquila_map_3,Serpens_Aquila,map,6,53,,,57 K,,"Wind at ~3m/s, small gusts above 5m/s. Higher Tsys from starting at low elevation, ~24 deg.",,"0.883,0.858,0.885,0.847,0.847,0.855,0.746,0.731,0.986,0.768,0.647,0.522,0.894,1.103",,TRUE,FALSE
2015-10-18,31,Brian E Svoboda,serpAquila_map_4,Serpens_Aquila,map,59,89,,31,51 K,90,"At start, high winds between 5-10m/s, mostly hovering around 5/ms, after first three rows stable at ~3m/s. Did pointing after 1 hr. Pointing surprisingly stable, offsets in El and Az less than 3 arcsec.",,"0.883,0.858,0.885,0.847,0.847,0.855,0.746,0.731,0.986,0.768,0.647,0.522,0.894,1.103",,TRUE,FALSE
2015-10-18,31,Brian E Svoboda,serpAquila_map_4,Serpens_Aquila,map,96,112,32,,48 K,,Winds at ~5m/s,,"0.883,0.858,0.885,0.847,0.847,0.855,0.746,0.731,0.986,0.768,0.647,0.522,0.894,1.103",,TRUE,FALSE
2015-10-18,32,Brian E Svoboda,serpAquila_map_5,Serpens_Aquila,map,1,32,,32,46 K,,"Incremented session ID. Message saying ""Power to laser transmitter failed to balance for IF 5"" but all banks are up, although Bank F shows 1 sub-band while the others have 6",,"0.883,0.858,0.885,0.847,0.847,0.855,0.746,0.731,0.986,0.768,0.647,0.522,0.894,1.103",,TRUE,FALSE
2015-10-18,32,Youngmin Seo,Moon ,moon,calibrator,34,35,,,,,,,"0.883,0.858,0.885,0.847,0.847,0.855,0.746,0.731,0.986,0.768,0.647,0.522,0.894,1.103",,TRUE,FALSE
2015-10-18,33,Youngmin Seo,Cepheus_L1251_map_3,Cepheus,map,41,88,, ,47 K,,,,"0.883,0.858,0.885,0.847,0.847,0.855,0.746,0.731,0.986,0.768,0.647,0.522,0.894,1.103",,TRUE,FALSE
2015-10-18,33,Erik Rosolowsky,Cepheus_L1251_map_4,Cepheus,map,94,141,,,43 K,,VEGAS Banks B and G keep dropping in power levels to -35 dB intermittently.  Problem or just switching?,,"0.883,0.858,0.885,0.847,0.847,0.855,0.746,0.731,0.986,0.768,0.647,0.522,0.894,1.103",,TRUE,FALSE
2015-10-18,33,Erik Rosolowsky,Cepheus_L1251_map_5,Cepheus,map,147,194,,,44 K,,Winds were up around 6 m/s but blowing north into the back of the telescope during first part of track before settling down to almost nothing.,,"0.883,0.858,0.885,0.847,0.847,0.855,0.746,0.731,0.986,0.768,0.647,0.522,0.894,1.103",,TRUE,FALSE
2015-10-18,33,Erik Rosolowsky,Cepheus_L1251_map_6,Cepheus,map,200,247,,,,,,,"0.883,0.858,0.885,0.847,0.847,0.855,0.746,0.731,0.986,0.768,0.647,0.522,0.894,1.103",,TRUE,FALSE
2015-10-19,34,Rachel,Taurus_map_010,B18,map,253,300,,,45 K,,"Great weather, low winds",,"0.883,0.858,0.885,0.847,0.847,0.855,0.746,0.731,0.986,0.768,0.647,0.522,0.894,1.103",,TRUE,FALSE
2015-10-19,34,Rachel,Taurus_map_011,B18,map,316,363,,,,,Balance of autopeak failed once. Created autopeak_taurus_noslew to avoid slewing to source and then back to pointing calibrator,,"0.883,0.858,0.885,0.847,0.847,0.855,0.746,0.731,0.986,0.768,0.647,0.522,0.894,1.103",,TRUE,FALSE
2015-10-19,35,Felipe,OrionA_map_15,OrionA,map,373,379,42,,49 K,,,,"0.883,0.858,0.885,0.847,0.847,0.855,0.746,0.731,0.986,0.768,0.647,0.522,0.894,1.103",,TRUE,FALSE
2015-10-19,35,Felipe,OrionA_map_17,OrionA,map,380,427,,,49 K,,,,"0.883,0.858,0.885,0.847,0.847,0.855,0.746,0.731,0.986,0.768,0.647,0.522,0.894,1.103",,TRUE,FALSE
2015-10-19,35,Felipe,Venus,Venus,calibrator,428,435,,,63 K,,,,"0.883,0.858,0.885,0.847,0.847,0.855,0.746,0.731,0.986,0.768,0.647,0.522,0.894,1.103",,TRUE,FALSE
2015-10-19,35,Felipe,OrionA_map_18,OrionA,map,446,481,,35,55 K,,"I had to abort twice at row 26 and row 35 (scan 471 and 481, respectively) due to errors in VEGAS. The operator solved the issue and I proceeded with the observations. VEGAS banks F and G were off (not sure for how long). Operator turned them on close to the end of the shift",,"0.883,0.858,0.885,0.847,0.847,0.855,0.746,0.731,0.986,0.768,0.647,0.522,0.894,1.103",,TRUE,FALSE
2015-10-19,36,Erik Rosolowsky,IC5146_filament,IC5146,map,6,18,1,13,42 K,,Winds are fairly low (5 m/s).  More good conditions.,,"0.883,0.858,0.885,0.847,0.847,0.855,0.746,0.731,0.986,0.768,0.647,0.522,0.894,1.103",,TRUE,FALSE
2015-10-19,36,Erik Rosolowsky,IC5146_filament,IC5146,map,24,33,14,23,42 K,,Interrupted and resumed after pointing; Scans mapped at wrong angle due to my bug,,"0.883,0.858,0.885,0.847,0.847,0.855,0.746,0.731,0.986,0.768,0.647,0.522,0.894,1.103",,TRUE,FALSE
2015-10-20,36,Erik Rosolowsky,Perseus_map_B1-C,B1,map,40,87,,,46 K,,,,"0.883,0.858,0.885,0.847,0.847,0.855,0.746,0.731,0.986,0.768,0.647,0.522,0.894,1.103",,TRUE,FALSE
2015-10-20,36,Erik Rosolowsky,Perseus_map_B1-D,B1,map,93,140,,,44 K,,,,"0.883,0.858,0.885,0.847,0.847,0.855,0.746,0.731,0.986,0.768,0.647,0.522,0.894,1.103",,TRUE,FALSE
2015-10-20,36,Erik Rosolowsky,Perseus_map_B1-E,B1,map,141,143,1,3,45 K,,Straight in without pointing @ end of shift.  thought better of it.,,"0.883,0.858,0.885,0.847,0.847,0.855,0.746,0.731,0.986,0.768,0.647,0.522,0.894,1.103",,TRUE,FALSE
2015-10-20,36,Erik Rosolowsky,Perseus_map_B1-E,B1,map,158,169,4,15,45 K,,Had to relax pointing heuristics to get a converged fit. however it looked really stable in all the failures.,,"0.883,0.858,0.885,0.847,0.847,0.855,0.746,0.731,0.986,0.768,0.647,0.522,0.894,1.103",,TRUE,FALSE
2015-10-21,37,James Di Francesco (and friends),Cepheus_L1251_map_7,Cepheus,map,6,10,1,5,50 K,,"Weather is good, low wind (0.2 km/s).  Started with final Cepheus map for Jared.  Tsys is ~48 K.  Had a problem with Bank B in VEGAS set to ""off"" so starting over at scan 11.",,"0.883,0.858,0.885,0.847,0.847,0.855,0.746,0.731,0.986,0.768,0.647,0.522,0.894,1.103",,TRUE,FALSE
2015-10-21,37,James Di Francesco (and friends),Cepheus_L1251_map_7,Cepheus,map,11,58,1,48,50 K,,"Weather is good, low wind (0.2 km/s).  Started with final Cepheus map for Jared.  Tsys is ~48 K.  Had a problem with Bank B in VEGAS set to ""off"" so starting over at scan 11.  (Scans 6-10 should be discarded.)",,"0.883,0.858,0.885,0.847,0.847,0.855,0.746,0.731,0.986,0.768,0.647,0.522,0.894,1.103",,TRUE,FALSE
2015-10-21,37,James Di Francesco (and friends),L1489PPC,L1489PPC,calibrator,64,64,,,44 K,,,,"0.883,0.858,0.885,0.847,0.847,0.855,0.746,0.731,0.986,0.768,0.647,0.522,0.894,1.103",,TRUE,FALSE
2015-10-21,37,James Di Francesco (and friends),Perseus_map_B1-E,B1,map,70,81,16,28,44 K,,"Finishing up Perseus_map_B1-E from last night.  Weather still good.  Whoops, spontaneous abort occurred due to loss of bank D.  ",,"0.883,0.858,0.885,0.847,0.847,0.855,0.746,0.731,0.986,0.768,0.647,0.522,0.894,1.103",,TRUE,FALSE
2015-10-21,37,James Di Francesco (and friends),Perseus_map_B1-E,B1,map,83,84,28,29,44 K,,"Fixed, but then another abort, this time with banks G and H!  :-(",,"0.883,0.858,0.885,0.847,0.847,0.855,0.746,0.731,0.986,0.768,0.647,0.522,0.894,1.103",,TRUE,FALSE
2015-10-21,37,James Di Francesco (and friends),Perseus_map_B1-E,B1,map,85,104,29,48,44 K,,"Mike renames the painting ""L'astronome"" by Vermeer ""That Neckbearded Astronomer.""",,"0.883,0.858,0.885,0.847,0.847,0.855,0.746,0.731,0.986,0.768,0.647,0.522,0.894,1.103",,TRUE,FALSE
2015-10-25,38,Helen Kirk,onoffMoon,calibrator,calibrator,6,7,1,48,46K,,,,"0.883,0.858,0.885,0.847,0.847,0.855,0.746,0.731,0.986,0.768,0.647,0.522,0.894,1.103",Amber,TRUE,FALSE
2015-10-25,38,Helen Kirk,Perseus_map_B1-G,B1,map,13,60,1,48,44K,,Weather is decent (2km/s wind).  Baseline looks somewhat wavy for fd=0 and 1.  Tsys for fd=5 is much higher (~80K) than others (46-60K),,"0.883,0.858,0.885,0.847,0.847,0.855,0.746,0.731,0.986,0.768,0.647,0.522,0.894,1.103",Amber,TRUE,FALSE
2015-10-25,38,Helen Kirk,Perseus_map_IC348-C,IC348,map,66,113,1,48,43K,,,,"0.883,0.858,0.885,0.847,0.847,0.855,0.746,0.731,0.986,0.768,0.647,0.522,0.894,1.103",Amber,TRUE,FALSE
2015-10-25,38,Helen Kirk,L1489PPC,L1489PPC,calibrator,124,124,,,,,,,"0.883,0.858,0.885,0.847,0.847,0.855,0.746,0.731,0.986,0.768,0.647,0.522,0.894,1.103",Amber,TRUE,FALSE
2015-10-26,38,Jaime Pineda,OrionA_map_18,OrionA,map,130,143,35,48,52 K,,,,"0.883,0.858,0.885,0.847,0.847,0.855,0.746,0.731,0.986,0.768,0.647,0.522,0.894,1.103",Amber,TRUE,FALSE
2015-10-26,38,Jaime Pineda,OrionA_map_19,OrionA,map,144,176,1,33,55 K,,,,"0.883,0.858,0.885,0.847,0.847,0.855,0.746,0.731,0.986,0.768,0.647,0.522,0.894,1.103",Amber,TRUE,FALSE
2015-10-26,39,Jaime Pineda,OrionA_map_19,OrionA,map,187,201,34,48,61 K,,Autopeak run twice to ensure good results. Rather high Tsys... not great weather,,"0.883,0.858,0.885,0.847,0.847,0.855,0.746,0.731,0.986,0.768,0.647,0.522,0.894,1.103",Amber,TRUE,FALSE
2015-10-26,39,Jaime Pineda,OrionA_map_20,OrionA,map,202,214,1,13,70 K,,"quickly rising to 78 K, very low-elevation observations (38 deg)",,"0.883,0.858,0.885,0.847,0.847,0.855,0.746,0.731,0.986,0.768,0.647,0.522,0.894,1.103",Amber,TRUE,FALSE
2015-10-26,39,Jaime Pineda,OrionA_map_20,OrionA,map,225,230,14,20,80 K,230,weather not great... pointing and focus more often. poor conditions (including pointing) 2 banks failed,,"0.883,0.858,0.885,0.847,0.847,0.855,0.746,0.731,0.986,0.768,0.647,0.522,0.894,1.103",Dave C,TRUE,FALSE
2015-10-26,39,Jaime Pineda,OrionA_map_20,OrionA,map,231,244,20,33,80 K,,weather not great... pointing and focus more often,,"0.883,0.858,0.885,0.847,0.847,0.855,0.746,0.731,0.986,0.768,0.647,0.522,0.894,1.103",Dave C,TRUE,FALSE
2015-11-07,40,Jared Keown,L1489PPC,L1489PPC,calibrator,7,7,, ,46 K,,"Had problems with opticaldriver5, first successful observation @ 7:15pm PST",,"0.883,0.858,0.885,0.847,0.847,0.855,0.746,0.731,0.986,0.768,0.647,0.522,0.894,1.103",,TRUE,FALSE
2015-11-07,40,Jared Keown,Perseus_map_IC348-D,IC348,map,13,60,1,48,45 K,,,,"0.883,0.858,0.885,0.847,0.847,0.855,0.746,0.731,0.986,0.768,0.647,0.522,0.894,1.103",,TRUE,FALSE
2015-11-07,40,Jared Keown,Perseus_map_IC348-E,IC348,map,66,,1,,41 K,,,,"0.883,0.858,0.885,0.847,0.847,0.855,0.746,0.731,0.986,0.768,0.647,0.522,0.894,1.103",,TRUE,FALSE
2015-11-08,40,Felipe Alves,Perseus_map_IC348-E,IC348,map,91,113,26,,41 K,,,,"0.883,0.858,0.885,0.847,0.847,0.855,0.746,0.731,0.986,0.768,0.647,0.522,0.894,1.103",,TRUE,FALSE
2015-11-08,41,Felipe Alves,OrionA_map_20,OrionA,map,124,138,34,,46 K,,,,"0.883,0.858,0.885,0.847,0.847,0.855,0.746,0.731,0.986,0.768,0.647,0.522,0.894,1.103",,TRUE,FALSE
2015-11-08,41,Felipe Alves,OrionA_map_21,OrionA,map,144,191,1,,45 K,,,,"0.883,0.858,0.885,0.847,0.847,0.855,0.746,0.731,0.986,0.768,0.647,0.522,0.894,1.103",,TRUE,FALSE
2015-11-08,41,Felipe Alves,OrionA_map_22,OrionA,map,197,200,1,4,46 K,,,,"0.883,0.858,0.885,0.847,0.847,0.855,0.746,0.731,0.986,0.768,0.647,0.522,0.894,1.103",,TRUE,FALSE
2015-11-08,42,Rachel,Jupiter,Jupiter,calibrator,1,8,,,40 K,,"Slow start - bringing boom in, started obs at 10:50ET. Autopeak on Jupiter failed. Similar failure to autopeak on Venus previously? Has this not been fixed?",,"0.883,0.858,0.885,0.847,0.847,0.855,0.746,0.731,0.986,0.768,0.647,0.522,0.894,1.103",Amber,TRUE,FALSE
2015-11-08,42,Rachel,Moon ,Moon,calibrator,9,10,,,41 K,,,,"0.883,0.858,0.885,0.847,0.847,0.855,0.746,0.731,0.986,0.768,0.647,0.522,0.894,1.103",Amber,TRUE,FALSE
2015-11-08,42,Rachel,Oph_L1688_06,L1688,map,21,38,31,,55 K,,Fairly large pointing update prior to map - may impact Jupiter obs above. Could just be low el though. Had to start map at 19 degrees elevation. Winds low.,,"0.883,0.858,0.885,0.847,0.847,0.855,0.746,0.731,0.986,0.768,0.647,0.522,0.894,1.103",Amber,TRUE,TRUE
2015-11-08,42,Rachel,Oph_L1688_03,L1688,map,39,86,,,50 K,,,,"0.883,0.858,0.885,0.847,0.847,0.855,0.746,0.731,0.986,0.768,0.647,0.522,0.894,1.103",Amber,TRUE,TRUE
2015-11-08,42,Rachel/Jaime,Oph_L1688_09,L1688,map,97,134,,38,50 K,,"Stoped this to start with Pipe, which is very low-elevation",,"0.883,0.858,0.885,0.847,0.847,0.855,0.746,0.731,0.986,0.768,0.647,0.522,0.894,1.103",Amber,TRUE,TRUE
2015-11-08,42,Jaime,Pipe_B59,B59,map,140,184,4,,55 K,,"Mistake when setting up script, starting scan=4!",,"0.883,0.858,0.885,0.847,0.847,0.855,0.746,0.731,0.986,0.768,0.647,0.522,0.894,1.103",Amber,TRUE,FALSE
2015-11-08,42,Jaime,Pipe_B59,B59,map,185,188,1,4,50 K,,,,"0.883,0.858,0.885,0.847,0.847,0.855,0.746,0.731,0.986,0.768,0.647,0.522,0.894,1.103",Amber,TRUE,FALSE
2015-11-08,42,Jaime,serpAquila_map_5,Serpens_Aquila,map,194,210,32,,43 K,,,,"0.883,0.858,0.885,0.847,0.847,0.855,0.746,0.731,0.986,0.768,0.647,0.522,0.894,1.103",Amber,TRUE,FALSE
2015-11-08,42,Jaime,serpAquila_map_6,Serpens_Aquila,map,216,263,,,48 K,,,,"0.883,0.858,0.885,0.847,0.847,0.855,0.746,0.731,0.986,0.768,0.647,0.522,0.894,1.103",Amber,TRUE,FALSE
2015-11-08,42,Youngmin,serpAquila_map_9,Serpens_Aquila,map,269,292,,,42 K,,,,"0.883,0.858,0.885,0.847,0.847,0.855,0.746,0.731,0.986,0.768,0.647,0.522,0.894,1.103",,TRUE,FALSE
2015-11-08,42,Youngmin,serpAquila_map_12,Serpens_Aquila,map,293,316,,,42 K,,,,"0.883,0.858,0.885,0.847,0.847,0.855,0.746,0.731,0.986,0.768,0.647,0.522,0.894,1.103",,TRUE,FALSE
2015-11-08,43,Youngmin,L1228_map_1,Cepheus_L1228,map,322,369,,,40 K,,,,"0.883,0.858,0.885,0.847,0.847,0.855,0.746,0.731,0.986,0.768,0.647,0.522,0.894,1.103",,TRUE,FALSE
2015-11-08,43,Youngmin,L1228_map_2,Cepheus_L1228,map,375,387,,13,40 K,,,,"0.883,0.858,0.885,0.847,0.847,0.855,0.746,0.731,0.986,0.768,0.647,0.522,0.894,1.103",,TRUE,FALSE
2015-11-13,44,Erik Rosolowsky,Venus,Venus,calibrator,6,13,,,46 K,,Winds are high (10 m/s),,"0.883,0.858,0.885,0.847,0.847,0.855,0.746,0.731,0.986,0.768,0.647,0.522,0.894,1.103",,TRUE,FALSE
2015-11-13,44,Erik Rosolowsky,Moon ,Moon,calibrator,19,20,,,44 K,,so many failed pointing attempts.  Woe!,,"0.883,0.858,0.885,0.847,0.847,0.855,0.746,0.731,0.986,0.768,0.647,0.522,0.894,1.103",,TRUE,FALSE
2015-11-13,44,Erik Rosolowsky,Oph_L1688_09,L1688,map,32,41,39,48,44 K,,Good gravy!  The winds!,,"0.883,0.858,0.885,0.847,0.847,0.855,0.746,0.731,0.986,0.768,0.647,0.522,0.894,1.103",,TRUE,TRUE
2015-11-13,44,Erik Rosolowsky,Oph_L1688_10,L1688,map,42,66,1,25,43 K,,,,"0.883,0.858,0.885,0.847,0.847,0.855,0.746,0.731,0.986,0.768,0.647,0.522,0.894,1.103",,TRUE,TRUE
2015-11-13,44,Erik Rosolowsky,Oph_L1688_10,L1688,map,78,100,26,48,43 K,,,,"0.883,0.858,0.885,0.847,0.847,0.855,0.746,0.731,0.986,0.768,0.647,0.522,0.894,1.103",,TRUE,TRUE
2015-11-13,45,Helen Kirk,serpAq_map_7,Serpens_Aquila,map,130,130,,,40K,,"Aborted due to high winds.  Restart from the beginning next time, as data quality likely terrible",,"0.883,0.858,0.885,0.847,0.847,0.855,0.746,0.731,0.986,0.768,0.647,0.522,0.894,1.103",,TRUE,FALSE
2015-11-13,45,Helen Kirk,L1228_map_2,Cepheus_L1228,map,148,165,14,31,40K,,Moved to a more eastern source to hopefully reduce wind issues.  ,,"0.883,0.858,0.885,0.847,0.847,0.855,0.746,0.731,0.986,0.768,0.647,0.522,0.894,1.103",,TRUE,FALSE
2015-11-13,45,Helen Kirk,L1228_map_2,Cepheus_L1228,map,171,187,32,48,40K,,"split in 2 chunks for extra point & focus, given wind. New P&F looks much improved over earlier ones.  Wind picked up a lot near the end of the observations, and 3 attempts at autopeak all failed following the end of the observation.",,"0.883,0.858,0.885,0.847,0.847,0.855,0.746,0.731,0.986,0.768,0.647,0.522,0.894,1.103",,TRUE,FALSE
2015-11-13,45,Helen Kirk,L1489PPC,L1489PPC,calibrator,206,206,,,86K?,,"Moving to L1489PPC as it may be a little more out of the wind!  Focus solution approved, but a litle wonky",,"0.883,0.858,0.885,0.847,0.847,0.855,0.746,0.731,0.986,0.768,0.647,0.522,0.894,1.103",,TRUE,FALSE
2015-11-13,45,Helen Kirk,Perseus_map_IC348-A,IC348,map,212,238,1,27,55K,,"point & focus look reasonable.  NB: wind speed is quite high.  15-20m/s at beginning.  (some short drops much lower, but mean is hovering in the yellow).  Final focus less good, but still accepted.",,"0.883,0.858,0.885,0.847,0.847,0.855,0.746,0.731,0.986,0.768,0.647,0.522,0.894,1.103",,TRUE,FALSE
2015-11-13,45,Helen Kirk,L1489PPC,L1489PPC,calibrator,253,253,,,50K,,"re-doing, as Tsys looked quite high last time",,"0.883,0.858,0.885,0.847,0.847,0.855,0.746,0.731,0.986,0.768,0.647,0.522,0.894,1.103",,TRUE,FALSE
2015-11-13,46,Rachel,L1489PPC,L1489PPC,calibrator,16,16,,,38 K,,"Redid point and focus several times, finally got a reasonable solution. Winds are high. Perseus is rising so telescope is currently pointing away from the wind direction. L1489PPC spectrum looks reasonable, though. ",,"0.883,0.858,0.885,0.847,0.847,0.855,0.746,0.731,0.986,0.768,0.647,0.522,0.894,1.103",,TRUE,FALSE
2015-11-13,46,Rachel,Perseus_map_IC348-A,IC348,map,17,37,28,48,37 K,,"Starting at row 28, but will probably redo previous rows as well. Keep getting hopeful that winds are dropping but am then sorely disappointed.",,"0.883,0.858,0.885,0.847,0.847,0.855,0.746,0.731,0.986,0.768,0.647,0.522,0.894,1.103",,TRUE,FALSE
2015-11-13,46,Rachel,Perseus_map_IC348-A,IC348,map,48,74,1,27,39 K,,"Winds seem to be dropping somewhat, but are still high. Az heuristics failed even when set to 'relaxed'. Second try worked. ",,"0.883,0.858,0.885,0.847,0.847,0.855,0.746,0.731,0.986,0.768,0.647,0.522,0.894,1.103",,TRUE,FALSE
2015-11-13,46,Rachel,OrionA_map_22,OrionA,map,80,99,5,24,55 K,100,Pointing succeeded on first try. Winds are much better but switching to Orion A to keep out of the wind. ,,"0.883,0.858,0.885,0.847,0.847,0.855,0.746,0.731,0.986,0.768,0.647,0.522,0.894,1.103",,TRUE,FALSE
2015-11-13,46,Rachel,OrionA_map_22,OrionA,map,106,127,25,46,50 K,,Winds still high but pointing was good. ,,"0.883,0.858,0.885,0.847,0.847,0.855,0.746,0.731,0.986,0.768,0.647,0.522,0.894,1.103",,TRUE,FALSE
2015-11-14,47,Jared Keown,Venus,Venus,calibrator,7,14,,,50 K,,Winds 6-10 m/s,,"0.883,0.858,0.885,0.847,0.847,0.855,0.746,0.731,0.986,0.768,0.647,0.522,0.894,1.103",,TRUE,FALSE
2015-11-14,47,Jared Keown,Moon ,Moon,calibrator,30,31,,,53 K,,"Issues with pointing on first try, relaxed heuristics worked better but still not ideal",,"0.883,0.858,0.885,0.847,0.847,0.855,0.746,0.731,0.986,0.768,0.647,0.522,0.894,1.103",,TRUE,FALSE
2015-11-14,47,Jared Keown,Oph_L1688_09,L1688,map,46,70,1,25,51 K,,"Redid pointing/focus several times, third time produced reasonable solution",,"0.883,0.858,0.885,0.847,0.847,0.855,0.746,0.731,0.986,0.768,0.647,0.522,0.894,1.103",,TRUE,FALSE
2015-11-14,47,Jared Keown,Oph_L1688_09,L1688,map,79,99,26,46,55 K,,"Pointing resulted in ""no corrections"" twice, so I asked operator to manually update dAz/dEl.  fd=5 has much higher Tsys (~85 K). Abort detected on row 47, scan 100",,"0.883,0.858,0.885,0.847,0.847,0.855,0.746,0.731,0.986,0.768,0.647,0.522,0.894,1.103",,TRUE,FALSE
2015-11-14,47,Jared Keown,Oph_L1688_09,L1688,map,101,102,47,48,55 K,,Still windy,,"0.883,0.858,0.885,0.847,0.847,0.855,0.746,0.731,0.986,0.768,0.647,0.522,0.894,1.103",,TRUE,FALSE
2015-11-14,47,Jared Keown,Oph_L1688_10,L1688,map,108,111,1,4,52 K,,Ran out of time. Finished row 4,,"0.883,0.858,0.885,0.847,0.847,0.855,0.746,0.731,0.986,0.768,0.647,0.522,0.894,1.103",,TRUE,FALSE
2015-11-15,48,Felipe Alves,Moon ,Moon,calibrator,11,14,,,62 K ,,"I did pointing twice on the Moon (dEl > 0.1), winds at ~ 6 m/s. I've got disconnected twice during calibration so just to make sure it was properly done, I ran onoffMoon twice",,"0.883,0.858,0.885,0.847,0.847,0.855,0.746,0.731,0.986,0.768,0.647,0.522,0.894,1.103",,TRUE,FALSE
2015-11-15,48,Felipe Alves,serpAquila_map_7,Serpens_Aquila,map,35,82,, ,47 K,,"After doing pointing twice on Serpens, winds seem to be stable now (about 4.5 m/s). However, disconnection issue still happens.",,"0.883,0.858,0.885,0.847,0.847,0.855,0.746,0.731,0.986,0.768,0.647,0.522,0.894,1.103",,TRUE,FALSE
2015-11-15,48,Felipe Alves,serpAquila_map_8,Serpens_Aquila,map,88,115,1,28,50 K,116,,,"0.883,0.858,0.885,0.847,0.847,0.855,0.746,0.731,0.986,0.768,0.647,0.522,0.894,1.103",,TRUE,FALSE
2015-11-15,50,Erik Rosolowsky,Moon ,Moon,calibrator,,,,,,,Entire shift lost due to VEGAS Bank E failure.  The weather looks great and the winds are low though.,,"0.883,0.858,0.885,0.847,0.847,0.855,0.746,0.731,0.986,0.768,0.647,0.522,0.894,1.103",,TRUE,FALSE
2015-11-23,51,Helen Kirk,serpAquila_map_8,Serpens_Aquila,map,12,32,28,48,~40K,,"wind range 5-10 m/s.  Major connection issues during this map, calibrator, and part scan below.  Operator ran queue; HK just sent in scripts to be run.  Info on the scans filled in after the fact, once connection stabilized.",,"0.883,0.858,0.885,0.847,0.847,0.855,0.746,0.731,0.986,0.768,0.647,0.522,0.894,1.103",,TRUE,FALSE
2015-11-23,51,Helen Kirk,L43E,L43E,calibrator,38,,,,45K,,,,"0.883,0.858,0.885,0.847,0.847,0.855,0.746,0.731,0.986,0.768,0.647,0.522,0.894,1.103",,TRUE,FALSE
2015-11-23,51,Helen Kirk,serpAquila_map_7,Serpens_Aquila,map,44,49,1,5,40K,,"HK error - operator submitting scripts while HK had astrid issues.  Didn't notice similar, but wrong named script was running.  Aborted partway through the 5th row, and moved on to correct script.",,"0.883,0.858,0.885,0.847,0.847,0.855,0.746,0.731,0.986,0.768,0.647,0.522,0.894,1.103",,TRUE,FALSE
2015-11-23,51,Helen Kirk,serpAquila_map_10_5x10,Serpens_Aquila,map,50,73,1,24,40 K,,,,"0.883,0.858,0.885,0.847,0.847,0.855,0.746,0.731,0.986,0.768,0.647,0.522,0.894,1.103",,TRUE,FALSE
2015-11-23,52,Rachel Friesen,Moon ,Moon,calibrator,6,7,,,48 K,,Started at 7:40 due to computer issues. Low winds! Pointing success on the first try! ,,"0.883,0.858,0.885,0.847,0.847,0.855,0.746,0.731,0.986,0.768,0.647,0.522,0.894,1.103",,TRUE,FALSE
2015-11-23,52,Rachel Friesen,Perseus_map_L1451-W,L1451,map,13,60,,,43 K,,,,"0.883,0.858,0.885,0.847,0.847,0.855,0.746,0.731,0.986,0.768,0.647,0.522,0.894,1.103",,TRUE,FALSE
2015-11-23,52,Rachel Friesen,Perseus_map_L1451-S,L1451,map,81,128,,,41 K,,"Redid pointing multiple times after terrible focus results. Finally worked. Weather is fine, not sure what happened. (Some winds @ end of map > 5 m/s but settled back down)",,"0.883,0.858,0.885,0.847,0.847,0.855,0.746,0.731,0.986,0.768,0.647,0.522,0.894,1.103",,TRUE,FALSE
2015-11-23,53,Erik Rosolowsky,Taurus_map_012,Taurus,map,137,184,,,41 K,,,,"0.883,0.858,0.885,0.847,0.847,0.855,0.746,0.731,0.986,0.768,0.647,0.522,0.894,1.103",,TRUE,FALSE
2015-11-23,53,Erik Rosolowsky,Taurus_map_027,Taurus,map,190,237,,,41 K,,,,"0.883,0.858,0.885,0.847,0.847,0.855,0.746,0.731,0.986,0.768,0.647,0.522,0.894,1.103",,TRUE,FALSE
2015-11-24,54,Erik Rosolowsky,OrionB_map_02,OrionB_NGC2023-2024,map,243,287,4,,49 K,,"Good weather conditions, low winds",,"0.883,0.858,0.885,0.847,0.847,0.855,0.746,0.731,0.986,0.768,0.647,0.522,0.894,1.103",,TRUE,FALSE
2015-11-24,54,Jaime Pineda,OrionB_map_34,OrionB_NGC2023-2024,map,294,341,,,50 K,,"Pointing correction of ~1.5 arcsec... started map_03, but noticed merged map_34 and started again. No time lost, and it is better not to use the few integrations done on map_03 (scan 293)",,"0.883,0.858,0.885,0.847,0.847,0.855,0.746,0.731,0.986,0.768,0.647,0.522,0.894,1.103",,TRUE,FALSE
2015-11-24,55,Youngmin Seo,OrionB_map_05,OrionB_NGC2023-2024,map ,6,53,1,48,50 K,,Good weather low winds,,"0.883,0.858,0.885,0.847,0.847,0.855,0.746,0.731,0.986,0.768,0.647,0.522,0.894,1.103",,TRUE,FALSE
2015-11-24,55,Youngmin Seo,Moon ,Moon,calibrator,59,60,,,,,,,"0.883,0.858,0.885,0.847,0.847,0.855,0.746,0.731,0.986,0.768,0.647,0.522,0.894,1.103",,TRUE,FALSE
2015-11-24,55,Youngmin Seo,OrionB_map_05,OrionB_NGC2023-2024,map ,61,107,49,,45 K,,,,"0.883,0.858,0.885,0.847,0.847,0.855,0.746,0.731,0.986,0.768,0.647,0.522,0.894,1.103",,TRUE,FALSE
2015-12-05,56,Erik Rosolowsky,Moon ,Moon,calibrator,8,9,,,41 K,,"Tsys for NH3(2,2) is 45 K, but (1,1) is only 40 K (maybe this is normal and I'm just noticing now)",,"0.883,0.858,0.885,0.847,0.847,0.855,0.746,0.731,0.986,0.768,0.647,0.522,0.894,1.103",,TRUE,FALSE
2015-12-05,56,Erik Rosolowsky,Moon ,Moon,calibrator,10,11,,,41 K,,Winds are 2-4 m/s,,"0.883,0.858,0.885,0.847,0.847,0.855,0.746,0.731,0.986,0.768,0.647,0.522,0.894,1.103",,TRUE,FALSE
2015-12-05,56,Erik Rosolowsky,Oph_L1688_10,L1688,map,17,60,5,48,46 K,,"We are right next to the Sun.  All feeds look good except fd=5, which has Tsys=81 K",,"0.883,0.858,0.885,0.847,0.847,0.855,0.746,0.731,0.986,0.768,0.647,0.522,0.894,1.103",,TRUE,FALSE
2015-12-05,56,Mike Chen (w Erik),Oph_L1688_11,L1688,map,66,85,5,24,45 K,86,"Had a 'no correction' error after the point/focus. The operator (Greg) was able to apply the fitted LFC manually after the scan has started. Scan 66-68 were a bit out of foucs, but the change went into effect by scan 69. Due to mistakes in the script, the scan started at subscan 5 (#66) instead of 1 and do not automatically terminate at subscan 24 for being a half scan. To correct for that, we aborted this scan at the beginning of subscan 25 and restarted to scan (see notes in ""next"" scan for more details).",,"0.883,0.858,0.885,0.847,0.847,0.855,0.746,0.731,0.986,0.768,0.647,0.522,0.894,1.103",,TRUE,FALSE
2015-12-05,56,Mike Chen,Oph_L1688_11,L1688,map,87,93,1,7,45 K,,Observed subscan 1-7 (inclusively) to cover the scans we previously missed or to redo the scans that did not have the right LFC corrections (see notes for the scan above).,,"0.883,0.858,0.885,0.847,0.847,0.855,0.746,0.731,0.986,0.768,0.647,0.522,0.894,1.103",,TRUE,FALSE
2015-12-05,56,Mike Chen,Oph_L1688_12,L1688,map,100,10,1,25,46 K,,Winds at ~ 2 m/s,,"0.883,0.858,0.885,0.847,0.847,0.855,0.746,0.731,0.986,0.768,0.647,0.522,0.894,1.103",,TRUE,FALSE
2015-12-06,57,Jaime Pineda,L1489PPC,L1489PPC,calibrator,10,10,,,32 K,,"Good conditions and low wind. Something funny with autopeakfocus, initial three attempts failed. The operator (Donna) could not fix it, Joe Brandt (Toney Minter was contacted) logged on to see what to do, 55 min lost. Solution was to reboot the DCR",,"0.883,0.858,0.885,0.847,0.847,0.855,0.746,0.731,0.986,0.768,0.647,0.522,0.894,1.103",Donna,TRUE,FALSE
2015-12-06,57,Jaime Pineda,OrionB_map_06,OrionB_NGC2023-2024,map,16,74,1,53,33 K,,I did map6... but map5 was done with a 10x20 box... need to check were we are with this,,"0.883,0.858,0.885,0.847,0.847,0.855,0.746,0.731,0.986,0.768,0.647,0.522,0.894,1.103",Donna,TRUE,FALSE
2015-12-06,57,Jaime Pineda,3C286,3C286,calibrator,80,87,,,39 K,,,,"0.883,0.858,0.885,0.847,0.847,0.855,0.746,0.731,0.986,0.768,0.647,0.522,0.894,1.103",Donna,TRUE,FALSE
2015-12-06,57,Jaime Pineda,OrionB_map_08,OrionB_NGC2068-2071,map,98,108,,10,19 K,,"Skipped map7, we need to assess how do they fit with the currently observed maps. Peak failed in Az, re-done.",,"0.883,0.858,0.885,0.847,0.847,0.855,0.746,0.731,0.986,0.768,0.647,0.522,0.894,1.103",Donna,TRUE,FALSE
2015-12-06,58,Rachel Friesen,Jupiter,Jupiter,calibrator,16,21,,,34 K,,"Tsys fantastic! Winds steady just under 5 m/s. VEGAS Bank H was failing initially, reset fixed. Then Bank D went. Reset that too. ",,"0.883,0.858,0.885,0.847,0.847,0.855,0.746,0.731,0.986,0.768,0.647,0.522,0.894,1.103",,TRUE,FALSE
2015-12-06,58,Rachel Friesen,Moon ,Moon,calibrator,22,23,,,36 K,,,,"0.883,0.858,0.885,0.847,0.847,0.855,0.746,0.731,0.986,0.768,0.647,0.522,0.894,1.103",,TRUE,FALSE
2015-12-06,58,Rachel Friesen,Oph_L1688_13,L1688,map,29,76,,,45 K,,Starting at low el. (19 degrees) but Tsys is still good. Yay!,,"0.883,0.858,0.885,0.847,0.847,0.855,0.746,0.731,0.986,0.768,0.647,0.522,0.894,1.103",,TRUE,FALSE
2015-12-06,58,Rachel Friesen,Oph_L1688_14,L1688,map,82,129,,,40 K,,,,"0.883,0.858,0.885,0.847,0.847,0.855,0.746,0.731,0.986,0.768,0.647,0.522,0.894,1.103",,TRUE,FALSE
2015-12-06,58,Rachel Friesen,Oph_L1689_1,L1689,map,130,132,1,3,39 K,,,,"0.883,0.858,0.885,0.847,0.847,0.855,0.746,0.731,0.986,0.768,0.647,0.522,0.894,1.103",,TRUE,FALSE
2015-12-07,59,Erik Rosolowsky,OrionB_map_09,OrionB_NGC2068-2071,map,6,53,,,38 K,,Started up nominal.  Looks like good conditions.  We will need to pick up Jupiter @ end of shift.  Feed 5 still shows a high Tsys (20 K worse than others).  Winds are < 2m/s,,"0.883,0.858,0.885,0.847,0.847,0.855,0.746,0.731,0.986,0.768,0.647,0.522,0.894,1.103",Amber,TRUE,FALSE
2015-12-07,59,Erik Rosolowsky / Felipe Alves,OrionB_map_10,OrionB_NGC2068-2071,map,68,115,,,44 K,,A few P/F fails on a fairly bright source (1.8 Jy). Astrid froze a couple of times. ,,"0.883,0.858,0.885,0.847,0.847,0.855,0.746,0.731,0.986,0.768,0.647,0.522,0.894,1.103",,TRUE,FALSE
2015-12-07,59,Felipe Alves,Jupiter,Jupiter,calibrator,121,128,,,43 K,,I've got disconnected again from the GBT server but I managed to phone Amber and ask her to run the calibration script,,"0.883,0.858,0.885,0.847,0.847,0.855,0.746,0.731,0.986,0.768,0.647,0.522,0.894,1.103",,TRUE,FALSE
2015-12-07,61,Jared Keown,Taurus_map_028,TMC1,map,6,53,1,48,48 K,,"Helen moved to backup project after multiple failed pointings due to heavy rain (session 60).  Still have low winds < 1m/s; rain has died off; point/focus looked good. fd=5 has Tsys~80 K, all others ~50 K",,"0.883,0.858,0.885,0.847,0.847,0.855,0.746,0.731,0.986,0.768,0.647,0.522,0.894,1.103",,TRUE,FALSE
2015-12-07,61,Jared Keown,L1489PPC,L1489PPC,calibrator,59,59,,,45 K,,,,"0.883,0.858,0.885,0.847,0.847,0.855,0.746,0.731,0.986,0.768,0.647,0.522,0.894,1.103",,TRUE,FALSE
2015-12-07,61,Jared Keown,Taurus_map_029,TMC1,map,65,98,1,34,46 K,99,"Observers after us showed up late, so we got 24 minutes extra time! Score!",,"0.883,0.858,0.885,0.847,0.847,0.855,0.746,0.731,0.986,0.768,0.647,0.522,0.894,1.103",,TRUE,FALSE
2015-12-15,62,Mike Chen,Perseus_map_IC348-B,IC348,map,13,60,1,48,41 K,,I forgot to edit the source name in the autopeak script (Perseus_map_B1-F was used). Hopefully this won't be a major issue.,,"0.883,0.858,0.885,0.847,0.847,0.855,0.746,0.731,0.986,0.768,0.647,0.522,0.894,1.103",,TRUE,FALSE
2015-12-15,62,Mike Chen,3C48,3C48,calibrator,66,73,,,45 K,,,,"0.883,0.858,0.885,0.847,0.847,0.855,0.746,0.731,0.986,0.768,0.647,0.522,0.894,1.103",,TRUE,FALSE
2015-12-15,62,Mike Chen,L1489PPC,L1489PPC,calibrator,79,,,,41 K,,The wind has been consistently < 5m/s up to this point of the night.,,"0.883,0.858,0.885,0.847,0.847,0.855,0.746,0.731,0.986,0.768,0.647,0.522,0.894,1.103",,TRUE,FALSE
2015-12-15,62,Mike Chen/Youngmin Seo,Perseus_map_B1E-A,B1E,map,87,134,1,,42 K,,"The wind has been consistently < 5m/s during this scan, with the exception of a gust of wind reached ~6 m/s for a very short period of time.",,"0.883,0.858,0.885,0.847,0.847,0.855,0.746,0.731,0.986,0.768,0.647,0.522,0.894,1.103",,TRUE,FALSE
2015-12-15,62,Youngmin Seo,OrionB_map_11,OrionB_NGC2068-2071,map,140,187,1,48,46 K,,"Winds <5m/s for this observation. Sorry but I forgot to double the scan duration to match 20' scan in RA. Please observe one more time if rms did not reach the aimed rms. Also, I had a warning sign in the receiver. Power supply had a bit higher voltage than it should be (-16.5V instead of -15V). ",,"0.883,0.858,0.885,0.847,0.847,0.855,0.746,0.731,0.986,0.768,0.647,0.522,0.894,1.103",Greg,TRUE,FALSE
2015-12-15,62,Youngmin Seo,Jupiter ,Jupiter,Calibration,195,200,,,47 K,,,,"0.883,0.858,0.885,0.847,0.847,0.855,0.746,0.731,0.986,0.768,0.647,0.522,0.894,1.103",,TRUE,FALSE
2015-12-15,62,Youngmin Seo,OrionB_map_11,OrionB_NGC2068-2071,map,206,229,49,72,50 K,,Winds < 5m/s.,,"0.883,0.858,0.885,0.847,0.847,0.855,0.746,0.731,0.986,0.768,0.647,0.522,0.894,1.103",,TRUE,FALSE
2015-12-18,63,Jared Keown,L1489PPC,L1489PPC,calibrator,6,6,,,41 K,,,,"0.883,0.858,0.885,0.847,0.847,0.855,0.746,0.731,0.986,0.768,0.647,0.522,0.894,1.103",Amber,TRUE,FALSE
2015-12-18,63,Jared Keown,Taurus_map_029,TMC1,map,12,25,35,48,40 K,,"Saw some 7 m/s wind gusts, but usually hovering right at 5 m/s so I will keep going for now",,"0.883,0.858,0.885,0.847,0.847,0.855,0.746,0.731,0.986,0.768,0.647,0.522,0.894,1.103",Amber,TRUE,FALSE
2015-12-18,63,Jared Keown,Taurus_map_030,HC2,map,31,50,1,20,40 K,,"Wind still on the verge of our 5 m/s threshold, but I'm still mapping.  Will stop after row 20 to do another autopeak.  ",,"0.883,0.858,0.885,0.847,0.847,0.855,0.746,0.731,0.986,0.768,0.647,0.522,0.894,1.103",,TRUE,FALSE
2015-12-18,63,Jared Keown,Taurus_map_030,HC2,map,56,83,21,48,42 K,,"Wind seems to be decreasing, now steadily below 4 m/s.",,"0.883,0.858,0.885,0.847,0.847,0.855,0.746,0.731,0.986,0.768,0.647,0.522,0.894,1.103",,TRUE,FALSE
2015-12-18,63,Jared Keown,Jupiter,Jupiter,calibrator,89,96,,,43 K,,,,"0.883,0.858,0.885,0.847,0.847,0.855,0.746,0.731,0.986,0.768,0.647,0.522,0.894,1.103",,TRUE,FALSE
2015-12-18,63,Jared Keown,Taurus_map_031,HC2,map,102,108,1,7,46 K,,,,"0.883,0.858,0.885,0.847,0.847,0.855,0.746,0.731,0.986,0.768,0.647,0.522,0.894,1.103",Amber,TRUE,FALSE
2015-12-19,64,Jaime Pineda,Perseus_map_L1451-C,L1451,map,6,50,1,,42 K,,"Pointing solution is OK, although the flux before the signal droped off __----^---, winds<2m/s",,"0.883,0.858,0.885,0.847,0.847,0.855,0.746,0.731,0.986,0.768,0.647,0.522,0.894,1.103",Donna,TRUE,FALSE
2015-12-19,64,Jaime Pineda,L1489PPC,L1489PPC,calibrator,66,66,,,40 K,,"Wind is picking up, problems with point and focus",,"0.883,0.858,0.885,0.847,0.847,0.855,0.746,0.731,0.986,0.768,0.647,0.522,0.894,1.103",Donna,TRUE,FALSE
2015-12-19,64,Jaime Pineda,Perseus_map_L1448-C,L1448,map,77,105,1,28,39 K,,It took some time to actually get the pointing and focus going... only station 3 is reliable for winds these days,,"0.883,0.858,0.885,0.847,0.847,0.855,0.746,0.731,0.986,0.768,0.647,0.522,0.894,1.103",,TRUE,FALSE
2015-12-19,65,Mike Chen,Moon ,Moon,calibrator,6,7,,,42 K,,"I think the wind was ~3 m/s unlike the hour following this observation, but I wasn't mointoring very closely at the time",,"0.883,0.858,0.885,0.847,0.847,0.855,0.746,0.731,0.986,0.768,0.647,0.522,0.894,1.103",,TRUE,FALSE
2015-12-19,65,Mike Chen,Taurus_map_002,B18,map,18,30,36,48,38 K,,"**I wouldn't trust this run given that the wind was often > 5 m/s during the run. The wind was fluctuating quite a bit, having speeds between 3 - 7 m/s through first 2/3 fo the run. I waited for the map to finish hoping that the wind would die down, but it creeped up in the end and is consistently > 5 m/s when I requested the low frequency project to take over.",,"0.883,0.858,0.885,0.847,0.847,0.855,0.746,0.731,0.986,0.768,0.647,0.522,0.894,1.103",,TRUE,FALSE
2015-12-20,66,Jared Keown,L1489PPC,L1489PPC,calibrator,11,11,,,42 K,,Winds died down below 5 m/s with ~1.5 hours remaining in the session.  Relaxed heuristics after first pointing failed.,,"0.883,0.858,0.885,0.847,0.847,0.855,0.746,0.731,0.986,0.768,0.647,0.522,0.894,1.103",Dave Curry,TRUE,FALSE
2015-12-20,66,Jared Keown,Taurus_map_031,HC2,map,17,48,8,57,43 K,,Winds steady at ~2 m/s,,"0.883,0.858,0.885,0.847,0.847,0.855,0.746,0.731,0.986,0.768,0.647,0.522,0.894,1.103",Dave Curry,TRUE,FALSE
2015-12-20,67,Jaime Pineda,serpAquila_map_11,Serpens_Aquila,map,7,11,1,5,45 K,,"Scan 6 didn't start because of Vegas issues. VEGAS again, it failed miserably again",,"0.883,0.858,0.885,0.847,0.847,0.855,0.746,0.731,0.986,0.768,0.647,0.522,0.894,1.103",Greg,TRUE,FALSE
2015-12-20,67,Jaime Pineda,serpAquila_map_11,Serpens_Aquila,map,13,31,6,,49 K,,"The Tsys of beam 5 (fdnum=5) is ~79 K, while the rest is 48-55 K",,"0.883,0.858,0.885,0.847,0.847,0.855,0.746,0.731,0.986,0.768,0.647,0.522,0.894,1.103",Greg,TRUE,FALSE
2015-12-20,67,Jaime Pineda,3C286,3C286,calibrator,38,45,,,45 K,,finally managed to get autopeak&focus for 3C286! winds of ~3m/s,,"0.883,0.858,0.885,0.847,0.847,0.855,0.746,0.731,0.986,0.768,0.647,0.522,0.894,1.103",Greg,TRUE,FALSE
2015-12-20,67,Jaime Pineda,serpAquila_map_13,Serpens_Aquila,map,56,76,28,,46 K,,"first P&F was horrible, repeated and it was great... I forgot to modify the start paramert, so I'll have to do the rest in the next script",,"0.883,0.858,0.885,0.847,0.847,0.855,0.746,0.731,0.986,0.768,0.647,0.522,0.894,1.103",Greg,TRUE,FALSE
2015-12-20,67,Jaime Pineda,serpAquila_map_13,Serpens_Aquila,map,77,95,1,18,46 K,,,,"0.883,0.858,0.885,0.847,0.847,0.855,0.746,0.731,0.986,0.768,0.647,0.522,0.894,1.103",Greg,TRUE,FALSE
2015-12-20,68,James Di Francesco,Moon ,Moon,calibrator,6,7,,,41 K,,,,"0.883,0.858,0.885,0.847,0.847,0.855,0.746,0.731,0.986,0.768,0.647,0.522,0.894,1.103",,TRUE,FALSE
2015-12-20,68,James Di Francesco,L1489PPC,L1489PPC,calibrator,13,13,,,42 K,,,,"0.883,0.858,0.885,0.847,0.847,0.855,0.746,0.731,0.986,0.768,0.647,0.522,0.894,1.103",,TRUE,FALSE
2015-12-20,68,James Di Francesco,L1448-C,L1448,map,20,39,29,48,40 K,,"winds a little high, ~6 m/s but getting good pointing/focus scans so I'm proceeding",,"0.883,0.858,0.885,0.847,0.847,0.855,0.746,0.731,0.986,0.768,0.647,0.522,0.894,1.103",,TRUE,FALSE
2015-12-20,68,James Di Francesco,L1448-W,L1448,map,45,92,1,48,40 K,,,,"0.883,0.858,0.885,0.847,0.847,0.855,0.746,0.731,0.986,0.768,0.647,0.522,0.894,1.103",,TRUE,FALSE
2015-12-20,68,James Di Francesco,L1448-S,L1448,map,98,145,1,48,40 K,,winds tended to quiet down by the end of the shift.,,"0.883,0.858,0.885,0.847,0.847,0.855,0.746,0.731,0.986,0.768,0.647,0.522,0.894,1.103",,TRUE,FALSE
2016-01-01,69,Jared Keown,Taurus_map_032,HC2,map,6,29,1,24,42 K,,winds ~4 m/s at start; periodic gusts up to 10 m/s between rows 5-15 so I stopped after row 24 to repeat point/focus,,"0.883,0.858,0.885,0.847,0.847,0.855,0.746,0.731,0.986,0.768,0.647,0.522,0.894,1.103",Dave Curry,TRUE,FALSE
2016-01-01,69,Jared Keown,Taurus_map_032,HC2,map,36,59,25,48,40 K,,Still had periodic gusts up to 10 m/s for this half of map (almost asked for the backup project) but decided to keep going since they died back down to near 5 m/s,,"0.883,0.858,0.885,0.847,0.847,0.855,0.746,0.731,0.986,0.768,0.647,0.522,0.894,1.103",Amber,TRUE,FALSE
2016-01-01,69,Jared Keown,L1489PPC,L1489PPC,calibrator,65,65,,,40 K,,,,"0.883,0.858,0.885,0.847,0.847,0.855,0.746,0.731,0.986,0.768,0.647,0.522,0.894,1.103",,TRUE,FALSE
2016-01-01,69,Jared Keown,Taurus_map_033,HC2,map,71,94,1,24,39 K,,"Winds still a little high at 4-6 m/s, so I'm repeating point/focus again after row 24 ",,"0.883,0.858,0.885,0.847,0.847,0.855,0.746,0.731,0.986,0.768,0.647,0.522,0.894,1.103",,TRUE,FALSE
2016-01-01,69,Jared Keown,Taurus_map_033,HC2,map,106,129,25,48,40 K,,Winds down to 2-4 m/s for rows 25-48,,"0.883,0.858,0.885,0.847,0.847,0.855,0.746,0.731,0.986,0.768,0.647,0.522,0.894,1.103",,TRUE,FALSE
2016-01-01,69,Jared Keown,Taurus_map_034,HC2,map,145,192,1,48,40 K,,Az heuristics failed on pointing; relaxed heuristics passed,,"0.883,0.858,0.885,0.847,0.847,0.855,0.746,0.731,0.986,0.768,0.647,0.522,0.894,1.103",,TRUE,FALSE
2016-01-01,69,Jared Keown,Jupiter,Jupiter,calibrator,198,205,,,60 K,,,,"0.883,0.858,0.885,0.847,0.847,0.855,0.746,0.731,0.986,0.768,0.647,0.522,0.894,1.103",,TRUE,FALSE
2016-01-01,69,Jared Keown,Taurus_map_035,HC2,map,221,232,1,12,48 K,,"Had trouble with pointing and focus before this map, looked OK on the third try",,"0.883,0.858,0.885,0.847,0.847,0.855,0.746,0.731,0.986,0.768,0.647,0.522,0.894,1.103",,TRUE,FALSE
2016-01-04,70,Erik Rosolowsky,none,none,,1,1,,,,,Some small hiccups starting up.  Winds are terrible.  Not observing.,,"0.883,0.858,0.885,0.847,0.847,0.855,0.746,0.731,0.986,0.768,0.647,0.522,0.894,1.103",,TRUE,FALSE
2016-01-06,71,Jared Keown,Moon,Moon,calibrator,6,7,,,54 K,,"Really low winds, less than 1 m/s",,"0.883,0.858,0.885,0.847,0.847,0.855,0.746,0.731,0.986,0.768,0.647,0.522,0.894,1.103",Donna,TRUE,FALSE
2016-01-06,71,Jared Keown,L43-E,L43-E,calibrator,13,13,,,54 K,,,,"0.883,0.858,0.885,0.847,0.847,0.855,0.746,0.731,0.986,0.768,0.647,0.522,0.894,1.103",,TRUE,FALSE
2016-01-06,71,Jared Keown,Oph_L1689_1,L1689,map,19,63,4,48,56 K,,Wish we had a longer session! Perfect weather,,"0.883,0.858,0.885,0.847,0.847,0.855,0.746,0.731,0.986,0.768,0.647,0.522,0.894,1.103",,TRUE,FALSE
2016-01-10,72,Erik Rosolowsky,Taurus_map_035,HC2,map,8,43,13,48,34 K,,"Scan 6 and 7 were garbagey VEGAS first scans.  Opacity is beautiful, but winds can be gusty over our limit.  Overall the quad-rms < 5"" when I checked b/c of high altitude so I carried on.",,"0.883,0.858,0.885,0.847,0.847,0.855,0.746,0.731,0.986,0.768,0.647,0.522,0.894,1.103",,TRUE,FALSE
2016-01-10,72,Erik Rosolowsky,Taurus_map_036,HC2,map,49,85,1,37,35 K,,Winds have been calmer and atmosphere remains beautifully clear.  Weird abort pitched in row 38.,,"0.883,0.858,0.885,0.847,0.847,0.855,0.746,0.731,0.986,0.768,0.647,0.522,0.894,1.103",,TRUE,FALSE
2016-01-10,72,Erik Rosolowsky,Taurus_map_036,HC2,map,88,98,38,48,38 K,,,,"0.883,0.858,0.885,0.847,0.847,0.855,0.746,0.731,0.986,0.768,0.647,0.522,0.894,1.103",,TRUE,FALSE
2016-01-10,72,Erik Rosolowsky,Taurus_map_037,HC2,map,104,133,1,30,38 K,,Winds picked up again above our limit in gusts.  I broke this scan @ 30 to try to update pointing solution.,,"0.883,0.858,0.885,0.847,0.847,0.855,0.746,0.731,0.986,0.768,0.647,0.522,0.894,1.103",,TRUE,FALSE
2016-01-10,72,Erik Rosolowsky,Taurus_map_037,HC2,map,144,152,31,39,41 K,,Off to calibrate at the end of the shift!,,"0.883,0.858,0.885,0.847,0.847,0.855,0.746,0.731,0.986,0.768,0.647,0.522,0.894,1.103",,TRUE,FALSE
2016-01-10,72,Erik Rosolowsky,Jupiter,Jupiter,calibrator,160,165,,,37 K,,No problems pointing up and calibrating.,,"0.883,0.858,0.885,0.847,0.847,0.855,0.746,0.731,0.986,0.768,0.647,0.522,0.894,1.103",,TRUE,FALSE
2016-01-10,72,Erik Rosolowsky,Jupiter,Jupiter,calibrator,166,171,,,37 K,,Didn't finish a full second sequence.,,"0.883,0.858,0.885,0.847,0.847,0.855,0.746,0.731,0.986,0.768,0.647,0.522,0.894,1.103",,TRUE,FALSE
2016-01-13,73,Felipe Alves,Venus,Venus,calibrator,21,36,,,41 K,,Op said half slew speeds were used due to cold temperatures. Poiting heuristics failed twice (although plots looked fine). Calibration on Venus was run twice (scans 21-28 and 29-36) because the first scan of the first run was lost.,,"0.883,0.858,0.885,0.847,0.847,0.855,0.746,0.731,0.986,0.768,0.647,0.522,0.894,1.103",,TRUE,FALSE
2016-01-13,73,Felipe Alves,Oph_L1689_2,L1689,map,42,89,,,44 K,,,,"0.883,0.858,0.885,0.847,0.847,0.855,0.746,0.731,0.986,0.768,0.647,0.522,0.894,1.103",,TRUE,FALSE
2016-01-13,73,Felipe Alves,L43-E,L43-E,calibrator,95,95,,,43 K,,Not so good pointing solutions (but heuristics didn't complain),,"0.883,0.858,0.885,0.847,0.847,0.855,0.746,0.731,0.986,0.768,0.647,0.522,0.894,1.103",,TRUE,FALSE
2016-01-13,73,Felipe Alves,Oph_L1689_3,L1689,map,101,114,1,14,50 K,,,,"0.883,0.858,0.885,0.847,0.847,0.855,0.746,0.731,0.986,0.768,0.647,0.522,0.894,1.103",,TRUE,FALSE
2016-01-18,74,Erik Rosolowsky,Jupiter,Jupiter,calibrator,10,17,,,37 K,,Nice weather.  Winds < 5 m/s with small gusts.  ,,"0.883,0.858,0.885,0.847,0.847,0.855,0.746,0.731,0.986,0.768,0.647,0.522,0.894,1.103",,TRUE,FALSE
2016-01-18,74,Erik Rosolowsky,Cepheus_L1228_map3,Cepheus_L1228,map,23,70,1,48,39 K,,Winds picked up near dawn to be ~5 m/s with some gusting above our limits,,"0.883,0.858,0.885,0.847,0.847,0.855,0.746,0.731,0.986,0.768,0.647,0.522,0.894,1.103",,TRUE,FALSE
2016-01-18,74,Erik Rosolowsky,IC5146_newbox1,IC5146,map,76,98,1,23,45 K,,Checked box angles and scan patterns and these look good w.r.t. expectations,,"0.883,0.858,0.885,0.847,0.847,0.855,0.746,0.731,0.986,0.768,0.647,0.522,0.894,1.103",,TRUE,FALSE
2016-01-18,74,Erik Rosolowsky,IC5146_newbox2,IC5146,map,110,132,1,23,48 K,,,,"0.883,0.858,0.885,0.847,0.847,0.855,0.746,0.731,0.986,0.768,0.647,0.522,0.894,1.103",,TRUE,FALSE
2016-01-18,74,Erik Rosolowsky,Cepheus_L1228_map4,Cepheus_L1228,map,138,146,1,9,45 K,,There are only 40 mins left in the shift and the az slew rate is down by half.  I will do a few scans on Cepheus rather than slewing all the way around to hit Pipe.,,"0.883,0.858,0.885,0.847,0.847,0.855,0.746,0.731,0.986,0.768,0.647,0.522,0.894,1.103",,TRUE,FALSE
2016-01-21,75,Jaime Pineda,Oph_L1689_3,L1689,map,20,54,14,,50 K,19,"Problems getting the pointing & focus for L43... went ahead to Oph. Oph shows a better P&F, but there was a EL trasducer problem.... ppFALSE. Winds are a bit high, I'm still giving it a chance. problem with VEGAS for initial scan, 19. So, we are only using scans 20 onwards. Wind levels are good, <4m/s",,"0.883,0.858,0.885,0.847,0.847,0.855,0.746,0.731,0.986,0.768,0.647,0.522,0.894,1.103",Dave C,TRUE,FALSE
2016-01-21,75,Jaime Pineda,L43-E,L43-E,calibrator,55,55,,,,,feed=5 shows a higher Tsys than the rest (80 K instead of 55 K),,"0.883,0.858,0.885,0.847,0.847,0.855,0.746,0.731,0.986,0.768,0.647,0.522,0.894,1.103",Dave C,TRUE,FALSE
2016-01-21,75,Jaime Pineda,Oph_L1689_3,L1689,map,61,108,,,45 K,,,,"0.883,0.858,0.885,0.847,0.847,0.855,0.746,0.731,0.986,0.768,0.647,0.522,0.894,1.103",Dave C,TRUE,FALSE
2016-01-21,75,Jaime Pineda,Oph_L1712_1,L1712,map,119,160,1,41,45 K,,,,"0.883,0.858,0.885,0.847,0.847,0.855,0.746,0.731,0.986,0.768,0.647,0.522,0.894,1.103",Dave R,TRUE,FALSE
2016-01-28,76,Erik Rosolowsky,CrA_West,CrAwest,map,10,32,1,23,65 K,,"Since CrA is just transiting, we'll try to get it.  Max elevation is 15 degrees.  Crazy like a fox.  Several Balance failures with VEGAS all involving CMAttenuator1.  I've carried on since the data quality looks okay.  There's clearly a (1,1) detection in the first few scans.",,"0.883,0.858,0.885,0.847,0.847,0.855,0.746,0.731,0.986,0.768,0.647,0.522,0.894,1.103",Rob,TRUE,FALSE
2016-01-28,76,Erik Rosolowsky,CrA_East,CrAeast,map,33,57,1,25,,,Elevation = 12.2 deg.  Ugh.  Best available conditions though.,,"0.883,0.858,0.885,0.847,0.847,0.855,0.746,0.731,0.986,0.768,0.647,0.522,0.894,1.103",Rob,TRUE,FALSE
2016-01-28,76,Erik Rosolowsky,Venus,Venus,calibrator,63,70,,,58 K,,,,"0.883,0.858,0.885,0.847,0.847,0.855,0.746,0.731,0.986,0.768,0.647,0.522,0.894,1.103",,TRUE,FALSE
2016-01-28,76,Erik Rosolowsky,Perseus_map_1,Perseus,map,76,112,1,37,65 K,,Winds are picking up but we are back into the winds.,,"0.883,0.858,0.885,0.847,0.847,0.855,0.746,0.731,0.986,0.768,0.647,0.522,0.894,1.103",,TRUE,FALSE
2016-01-30,77,Erik Rosolowsky,Moon,Moon,calibrator,10,11,,,68 K,,"a little ringing in the first pointing, attributed by Dave R to ice on the dish.  Tsys isn't great: > 100 K on feed 5, 65 K on the rest.  Best stay high in the sky.",,"0.883,0.858,0.885,0.847,0.847,0.855,0.746,0.731,0.986,0.768,0.647,0.522,0.894,1.103",Dave R,TRUE,FALSE
2016-01-30,77,Erik Rosolowsky,Moon,Moon,calibrator,12,13,,,,,We'll do another moon while we're here and it's up.,,"0.883,0.858,0.885,0.847,0.847,0.855,0.746,0.731,0.986,0.768,0.647,0.522,0.894,1.103",,TRUE,FALSE
2016-01-30,77,Erik Rosolowsky,L43-E,L43-E,calibrator,19,19,,,71 K,,,,"0.883,0.858,0.885,0.847,0.847,0.855,0.746,0.731,0.986,0.768,0.647,0.522,0.894,1.103",,TRUE,FALSE
2016-01-30,77,Erik Rosolowsky,serpAquila_map_13,Serpens_Aquila,map,25,34,18,27,,,I checked the weather forecast an apparently we're coming off a weird 2 hour high opacity blip.  Seems like lies.  horrible lies.,,"0.883,0.858,0.885,0.847,0.847,0.855,0.746,0.731,0.986,0.768,0.647,0.522,0.894,1.103",,TRUE,FALSE
2016-01-30,77,Erik Rosolowsky,serpAquila_map_14,Serpens_Aquila,map,35,58,1,24,65 K,,"Since winds are low and the Sun is about to rise, I am going to hold off on pointing until the middle of the track.",,"0.883,0.858,0.885,0.847,0.847,0.855,0.746,0.731,0.986,0.768,0.647,0.522,0.894,1.103",,TRUE,FALSE
2016-01-30,77,Erik Rosolowsky,serpAquila_map_14,Serpens_Aquila,map,65,,25,,50 K,,Tsys down as predicted.  Wiggy,,"0.883,0.858,0.885,0.847,0.847,0.855,0.746,0.731,0.986,0.768,0.647,0.522,0.894,1.103",,TRUE,FALSE
2016-01-30,77,Youngmin Seo,serpAquila_map_15,Serpens_Aquila,map,89,112,25,48,50K,,Low winds,,"0.883,0.858,0.885,0.847,0.847,0.855,0.746,0.731,0.986,0.768,0.647,0.522,0.894,1.103",,TRUE,FALSE
2016-01-30,77,Youngmin Seo,serpAquila_map_15,Serpens_Aquila,map,113,136,1,24,50K,,,,"0.883,0.858,0.885,0.847,0.847,0.855,0.746,0.731,0.986,0.768,0.647,0.522,0.894,1.103",,TRUE,FALSE
2016-01-30,77,Youngmin Seo,serpAquila_map_16,Serpens_Aquila,map,142,188,1,,47K,,,,"0.883,0.858,0.885,0.847,0.847,0.855,0.746,0.731,0.986,0.768,0.647,0.522,0.894,1.103",,TRUE,FALSE
2016-01-30,77,Youngmin Seo,serpAquila_map_17,Serpens_Aquila,map,195,232,1,38,50 K,,A bit windy 3m/s. ,,"0.883,0.858,0.885,0.847,0.847,0.855,0.746,0.731,0.986,0.768,0.647,0.522,0.894,1.103",,TRUE,FALSE
2016-01-31,78,Mike Chen,Venus,Venus,calibrator,1,13,,,59 K,,"It's a bit windy @ ~ 5-6 m/s. As we are back into the winds, the pointing solution looks fine for Venus ",,"0.883,0.858,0.885,0.847,0.847,0.855,0.746,0.731,0.986,0.768,0.647,0.522,0.894,1.103",,TRUE,FALSE
2016-01-31,78,Mike Chen,none,none,,14,14,,,,,"The wind was consistiently > 5m/s (drifiting between 5 - 7 m/s). I may have been able to get away with finishing up serpAquila_map_17 with the back wind, but I decided to play things conservatively. No science data gathered.",,"0.883,0.858,0.885,0.847,0.847,0.855,0.746,0.731,0.986,0.768,0.647,0.522,0.894,1.103",,TRUE,FALSE
2016-02-04,79,Jared Keown,Perseus_map_IC348-C,IC348,map,6,53,1,48,41 K,,wind at 3-5 m/s ,,"0.883,0.858,0.885,0.847,0.847,0.855,0.746,0.731,0.986,0.768,0.647,0.522,0.894,1.103",Rob,TRUE,FALSE
2016-02-04,79,Jared Keown,L1489PPC,L1489PPC,calibrator,59,59,,,43 K,,,,"0.883,0.858,0.885,0.847,0.847,0.855,0.746,0.731,0.986,0.768,0.647,0.522,0.894,1.103",,TRUE,FALSE
2016-02-04,79,Jared Keown,Perseus_map_IC348-D,IC348,map,65,112,1,48,43 K,,winds (briefly) increased to 5-7 m/s towards the second half of this map,,"0.883,0.858,0.885,0.847,0.847,0.855,0.746,0.731,0.986,0.768,0.647,0.522,0.894,1.103",,TRUE,FALSE
2016-02-04,79,Jared Keown,Perseus_map_IC348-E,IC348,map,118,130,1,13,45 K,,None of our calibrators were observable during this shift. (Jupiter was just rising at the end of the shift),,"0.883,0.858,0.885,0.847,0.847,0.855,0.746,0.731,0.986,0.768,0.647,0.522,0.894,1.103",,TRUE,FALSE
2016-02-05,80,Jaime Pineda,Perseus_map_IC348-E,IC348,map,9,44,13,,38 K,7,"Good P&F solutions, despite winds of 6 m/s. Better weather, but VEGAS got stuck :( so phonecalls were made. Finally, after ~40min VEGAS was back onlne",,"0.883,0.858,0.885,0.847,0.847,0.855,0.746,0.731,0.986,0.768,0.647,0.522,0.894,1.103",,TRUE,FALSE
2016-02-05,80,Jaime Pineda,L1489PPC,L1489PPC,calibrator,50,50,,,39 K,,Good P&F solution.,,"0.883,0.858,0.885,0.847,0.847,0.855,0.746,0.731,0.986,0.768,0.647,0.522,0.894,1.103",,TRUE,FALSE
2016-02-05,80,Jaime Pineda,L1455-S,L1455,map,51,98,1,48,40 K,,,,"0.883,0.858,0.885,0.847,0.847,0.855,0.746,0.731,0.986,0.768,0.647,0.522,0.894,1.103",,TRUE,FALSE
2016-02-05,80,Jared Keown,Perseus_map_B1-B,B1,map,104,123,1,20,39 K,124,Stopped to get a Jupiter calibration,,"0.883,0.858,0.885,0.847,0.847,0.855,0.746,0.731,0.986,0.768,0.647,0.522,0.894,1.103",,TRUE,FALSE
2016-02-05,80,Jared Keown,Jupiter,Jupiter,calibrator,130,137,,,66 K,,Really low elevation but thought we could use this since it wasn't observed last session,,"0.883,0.858,0.885,0.847,0.847,0.855,0.746,0.731,0.986,0.768,0.647,0.522,0.894,1.103",,TRUE,FALSE
2016-02-06,81,Mike Chen,3C48,3C48,calibrator,13,20,,,40 K,,wind at ~3 m/s,,"0.883,0.858,0.885,0.847,0.847,0.855,0.746,0.731,0.986,0.768,0.647,0.522,0.894,1.103",,TRUE,FALSE
2016-02-06,81,Mike Chen,L1251_map_1,Cepheus_L1251,map,26,49,1,24,46 K,50,"wind at ~5 m/s in during the point and focus. The solution looked fine. The wind seems rather gusty during the run, fluctuating between 4 - 8 m/s (averaging ~ 6m/s?). I stopped half way through the map to do another P/F. The change in the pointing solutions are dAz2: -0.085 & dEl: -0.093 (~ 5-6 arcsecs in each directions). We may have to redo this half of the map?",,"0.883,0.858,0.885,0.847,0.847,0.855,0.746,0.731,0.986,0.768,0.647,0.522,0.894,1.103",,TRUE,FALSE
2016-02-06,81,Mike Chen,L1251_map_1,Cepheus_L1251,map,57,80,25,48,49 K,,"wind ~ 5 m/s during P/F. The solution looked fine. The wind is mostly stable ~ 5 m/s with short gusts up to 8 m/s. The change in pointing solutions between the beginning and the end of the run are dAz2: 0.002, dEl: 0.054 (~ 3 arc seconds in dEl)",,"0.883,0.858,0.885,0.847,0.847,0.855,0.746,0.731,0.986,0.768,0.647,0.522,0.894,1.103",,TRUE,FALSE
2/6/2016,81,Mike Chen,L1251_map_2,Cepheus_L1251,map,91,102,1,12,48 K,103,"wind ~ 6 m/s during P/F. The solution looked fine, but the change in solution from the last solution was dAz2: -0.027 & dEl: -0.092 (~ 6 arcsecs in dEl). The wind was stable ~ 4-5 m/s throughout the run. *Note: the telescope is somewhat facing the wind during the run.",,"0.883,0.858,0.885,0.847,0.847,0.855,0.746,0.731,0.986,0.768,0.647,0.522,0.894,1.103",,TRUE,FALSE
2016-02-06,82,Helen Kirk,OrionA_map_22,OrionA,map,6,7,47,48,45 K,,"wind at ~2 m/s.  started observations about 10 minutes early (previous project finished up).   Pointing solution dAz 0.030, dEl 0.091.  IF=2 (fd=0) and fd=4-5 (IF=0) have somewhat wavy baselines.",,"0.883,0.858,0.885,0.847,0.847,0.855,0.746,0.731,0.986,0.768,0.647,0.522,0.894,1.103",,TRUE,FALSE
2016-02-06,82,Helen Kirk,OrionA_map_23,OrionA,map,8,55,1,48,45 K,,"no autopeak between last scan & this one, since last one was so short (2 rows)",,"0.883,0.858,0.885,0.847,0.847,0.855,0.746,0.731,0.986,0.768,0.647,0.522,0.894,1.103",,TRUE,FALSE
2016-02-06,82,Helen Kirk,L1489PPC,L1489PPC,calibrator,61,61,,,43 K,,"dAz=-0.02, dEl=-0.03.  Wind ~1m/s.",,"0.883,0.858,0.885,0.847,0.847,0.855,0.746,0.731,0.986,0.768,0.647,0.522,0.894,1.103",,TRUE,FALSE
2016-02-06,82,Helen Kirk,OrionA_map_24,OrionA,map,67,114,1,48,46 K,,"dAz=0.046, dEl=0.011, wind 1-2m/s",,"0.883,0.858,0.885,0.847,0.847,0.855,0.746,0.731,0.986,0.768,0.647,0.522,0.894,1.103",,TRUE,FALSE
2016-02-06,82,Helen Kirk,Jupiter,Jupiter,calibrator,120,121,,,49 K,,"dAz=0.038, dEl=0.011, wind ~1m/s",,"0.883,0.858,0.885,0.847,0.847,0.855,0.746,0.731,0.986,0.768,0.647,0.522,0.894,1.103",,TRUE,FALSE
2016-02-07,83,Mike Chen,L1251_map_2,Cepheus_L1251,map,11,28,13,30,49 K,29,wind at ~ 5 m/s with gusts of stronger winds. The telescope is back towards wind and the pointing solution looked fine. dAz2= 0.040 & dEl= -0.032.,,"0.883,0.858,0.885,0.847,0.847,0.855,0.746,0.731,0.986,0.768,0.647,0.522,0.894,1.103",,TRUE,FALSE
2016-02-07,83,Mike Chen,L1251_map_2,Cepheus_L1251,map,50,67,31,48,51 K,,"wind just under ~ 5 m/s during P/F. The pointing solution looked good, but I'm not sure why the dEl is rather larger (dAz2: -0.032 & dEl: -0.144). Re-did the P/F and the new changes were a bit smaller (dAz -0.089 & dEl = -0.025). The weather seems stable just under ~5 m/s.",,"0.883,0.858,0.885,0.847,0.847,0.855,0.746,0.731,0.986,0.768,0.647,0.522,0.894,1.103",,TRUE,FALSE
2016-02-07,83,Mike Chen,L1251_map_3,Cepheus_L1251,map,73,96,1,24,51 K,97,wind at ~ 5m/s during P/F. Solution looks good (dAz -0.018 & dEl = -0.045). The wind is mostly just under 5 m/s while observing this half-map.,,"0.883,0.858,0.885,0.847,0.847,0.855,0.746,0.731,0.986,0.768,0.647,0.522,0.894,1.103",,TRUE,FALSE
2016-02-07,83,Mike Chen,3C48,3C48,calibrator,103,110,,,40 K,,wind at ~ 4 m/s. The Az heuristics failed despite the pointing solutiongs looking relatively good ( dAz2= -0.002 & dEl = -0.028). The P/F solution was manually updated after consulting with the operator.,,"0.883,0.858,0.885,0.847,0.847,0.855,0.746,0.731,0.986,0.768,0.647,0.522,0.894,1.103",,TRUE,FALSE
2016-02-07,83,Mike Chen,Perseus_map_B1-B,B1,map,116,130,21,35,49 K,131,"wind at ~ 5m/s during P/F. Solution looks good (dAz = 0.045 & dEl = 0.048). The telescope is somewhat facing the wind (~ 5m/s). The wind picked up a bit towards the end (~ 6 m/s), so I decided to do another P/F.",,"0.883,0.858,0.885,0.847,0.847,0.855,0.746,0.731,0.986,0.768,0.647,0.522,0.894,1.103",,TRUE,FALSE
2016-02-07,83,Mike Chen / James Di Francesco,Perseus_map_B1-B,B1,map,137,149,36,,,,wind at 5 - 6 m/s during P/F. Solution looked okay (dAz = -0.043 & dEl = 0.060).,,"0.883,0.858,0.885,0.847,0.847,0.855,0.746,0.731,0.986,0.768,0.647,0.522,0.894,1.103",,TRUE,FALSE
2015-02-07,83,James Di Francesco,Perseus_map_B1-C,B1,map,150,197,1,48,40 K,,things are cool.  winds dying down to 3 - 4 m/s.,,"0.883,0.858,0.885,0.847,0.847,0.855,0.746,0.731,0.986,0.768,0.647,0.522,0.894,1.103",,TRUE,FALSE
2015-02-07,83,James Di Francesco,L1489PPC,L1489PPC,calibrator,203,203,,,40 K,,,,"0.883,0.858,0.885,0.847,0.847,0.855,0.746,0.731,0.986,0.768,0.647,0.522,0.894,1.103",,TRUE,FALSE
2015-02-07,83,James Di Francesco,OrionA_map_14,Orion,map,209,256,1,48,42 K,,wind at 4 - 5 m/s duringn P/F.  Solution looks fine (dAz = 0.055 & dEl = -0.070) ,,"0.883,0.858,0.885,0.847,0.847,0.855,0.746,0.731,0.986,0.768,0.647,0.522,0.894,1.103",,TRUE,FALSE
2015-02-07,83,James Di Francesco,OrionA_map_15,Orion,map,262,286,1,25,43 K,,wind at 2.5 - 3.5 m/s during P/F.  Solution looks fine (dAz = 0.036 & dEl = 0.004),,"0.883,0.858,0.885,0.847,0.847,0.855,0.746,0.731,0.986,0.768,0.647,0.522,0.894,1.103","Somebody, don't remember",TRUE,FALSE